time/time_elapsed,rollout/ep_rew_mean,rollout/ep_len_mean,time/episodes,time/total_timesteps,time/fps,train/n_updates,train/actor_loss,train/learning_rate,train/critic_loss
1,-4288.481573,781.0,1,781,526,,,,
15,-5304.6896115,781.0,2,1562,103,781,1.8301756120911141,0.001,17.65360879203574
29,-5911.984373666666,781.0,3,2343,78,1562,4.041242341819802,0.001,8.573167334750734
43,-8285.70928,781.0,4,3124,71,2343,5.898696371648108,0.001,11.272633863014388
61,-8314.3626408,781.0,5,3905,63,3124,-11.085951119437295,0.001,10.903775430061447
79,-8300.207914833334,781.0,6,4686,59,3905,-24.533890431272237,0.001,13.034557293990815
95,-8590.424084285714,781.0,7,5467,57,4686,-38.17809560265339,0.001,18.11493829392593
110,-8548.017786125,781.0,8,6248,56,5467,-52.076700865077605,0.001,20.03051453729598
126,-8741.598230777778,781.0,9,7029,55,6248,-62.547551026875475,0.001,28.26524635649521
141,-8406.4698615,781.0,10,7810,55,7029,-78.0669724028486,0.001,36.7932613903368
157,-8079.27733,781.0,11,8591,54,7810,-95.79067289325553,0.001,50.85505956754794
173,-7825.05282675,781.0,12,9372,54,8591,-129.3551874099712,0.001,80.78304525465727
188,-7783.045502230769,781.0,13,10153,53,9372,-172.4908973605929,0.001,142.60334639787368
204,-7741.064256142857,781.0,14,10934,53,10153,-218.80791669740566,0.001,193.81256792823118
219,-7642.1867882,781.0,15,11715,53,10934,-286.31312037430104,0.001,315.2241596449047
235,-7847.087707875,781.0,16,12496,53,11715,-360.8457645899813,0.001,654.8286551134839
251,-7702.281766882353,781.0,17,13277,52,12496,-471.82095090741535,0.001,1156.939713330336
267,-7572.888885722223,781.0,18,14058,52,13277,-593.8590397364657,0.001,1198.0735127794605
283,-7460.277874473684,781.0,19,14839,52,14058,-719.2276591009123,0.001,2021.2034083939086
298,-7358.64074545,781.0,20,15620,52,14839,-847.863260930998,0.001,2596.503192537725
314,-7341.534000142858,781.0,21,16401,52,15620,-995.2963526453465,0.001,4720.032219509461
330,-7392.192086181818,781.0,22,17182,52,16401,-1242.2135602924186,0.001,3980.3798864074006
345,-7326.161142434782,781.0,23,17963,51,17182,-1442.946339000355,0.001,5887.427690708683
361,-7332.570198,781.0,24,18744,51,17963,-1642.6647050493657,0.001,5631.080451887182
380,-7296.47137972,781.0,25,19525,51,18744,-1931.772929212348,0.001,12850.666548080542
399,-7281.817863038463,781.0,26,20306,50,19525,-2086.270146446863,0.001,16619.440584658965
415,-7305.2683475185195,781.0,27,21087,50,20306,-2274.863759371749,0.001,17264.164579599066
430,-7267.34708357143,781.0,28,21868,50,21087,-2468.8002971888504,0.001,20727.797042963906
448,-7204.211672517242,781.0,29,22649,50,21868,-2652.6767831331026,0.001,19669.1303592931
464,-7162.985044466667,781.0,30,23430,50,22649,-2846.156286574204,0.001,21348.575607905466
479,-7155.401311870968,781.0,31,24211,50,23430,-3192.9407697963347,0.001,27571.26980704138
495,-7233.016674375,781.0,32,24992,50,24211,-3382.5627791518286,0.001,31384.75007983023
513,-7285.885050818181,781.0,33,25773,50,24992,-3604.9064028614157,0.001,38633.86568729337
529,-7232.832931941176,781.0,34,26554,50,25773,-4091.169401395947,0.001,38710.27345949923
545,-7134.231964228571,781.0,35,27335,50,26554,-4497.029642923236,0.001,50325.50907630286
561,-7122.165887916666,781.0,36,28116,50,27335,-4795.779861430658,0.001,77847.45175557741
577,-7189.240087459459,781.0,37,28897,50,28116,-5119.03779021787,0.001,50595.870679789405
593,-7153.109238394735,781.0,38,29678,50,28897,-5562.674096961027,0.001,60137.43466307656
609,-7211.391351974357,781.0,39,30459,49,29678,-6063.9360651658535,0.001,86554.58073817997
626,-7205.331184750001,781.0,40,31240,49,30459,-6499.117792693662,0.001,78986.76059292098
642,-7237.30080797561,781.0,41,32021,49,31240,-7088.575112160892,0.001,94099.67888036672
658,-7248.316537690476,781.0,42,32802,49,32021,-7774.999375425136,0.001,144633.9376242585
674,-7184.752505488373,781.0,43,33583,49,32802,-8554.960603017966,0.001,163360.80112604782
691,-7125.817886159091,781.0,44,34364,49,33583,-9363.416232569421,0.001,191362.25728608156
707,-7089.9082999111115,781.0,45,35145,49,34364,-10222.87216534291,0.001,180645.17357022996
723,-7134.609805326088,781.0,46,35926,49,35145,-10969.59130921895,0.001,226824.39966633072
739,-7107.732931893617,781.0,47,36707,49,35926,-11662.7373021867,0.001,293051.3320659486
756,-7053.047821708334,781.0,48,37488,49,36707,-12476.246368838029,0.001,297315.3831694892
772,-7049.522645020408,781.0,49,38269,49,37488,-13358.603740697023,0.001,313276.55253368575
788,-7114.55453582,781.0,50,39050,49,38269,-14183.057948543534,0.001,373308.47793731495
805,-7083.691562901961,781.0,51,39831,49,39050,-15126.151802326745,0.001,440416.20375145046
822,-7069.17137098077,781.0,52,40612,49,39831,-16104.456144716309,0.001,405732.63331891206
838,-7025.578158509435,781.0,53,41393,49,40612,-17071.98279699504,0.001,519214.8362738576
854,-7028.900823611112,781.0,54,42174,49,41393,-18007.303585897487,0.001,547312.6244692052
872,-7000.771561763637,781.0,55,42955,49,42174,-18929.390583736797,0.001,608465.0548544284
888,-6992.954664089286,781.0,56,43736,49,42955,-19776.59698853633,0.001,711715.1126923115
904,-6970.179856385966,781.0,57,44517,49,43736,-20832.470475552178,0.001,708674.7722308639
920,-7013.537174258621,781.0,58,45298,49,44517,-21766.761863796415,0.001,745006.6667296034
935,-6962.201100932203,781.0,59,46079,49,45298,-22936.79064800736,0.001,764233.585162252
951,-6918.3425019666665,781.0,60,46860,49,46079,-23782.991962427976,0.001,960044.3954815541
968,-6962.1876113278695,781.0,61,47641,49,46860,-24773.73919154129,0.001,999910.5700036512
984,-6945.0330375,781.0,62,48422,49,47641,-26003.141197683257,0.001,1075102.1546319823
1003,-6956.128372571429,781.0,63,49203,49,48422,-27007.082258822822,0.001,1191318.0766857895
1018,-6932.41216565625,781.0,64,49984,49,49203,-27988.759000380123,0.001,1282239.5768520928
1034,-6907.497791446154,781.0,65,50765,49,49984,-28985.596703445102,0.001,1152966.563540333
1050,-6915.730424848486,781.0,66,51546,49,50765,-29866.10138744398,0.001,1167817.3835427337
1066,-6875.575743731344,781.0,67,52327,49,51546,-30689.9189665693,0.001,1334689.6276458467
1082,-6863.735612676472,781.0,68,53108,49,52327,-31580.224639384604,0.001,1287960.7010893486
1097,-6910.531518724638,781.0,69,53889,49,53108,-32384.25763744398,0.001,1213098.0836867797
1115,-6905.610628028571,781.0,70,54670,49,53889,-33456.83427446783,0.001,1228801.3434399008
1131,-6944.230467211268,781.0,71,55451,48,54670,-34213.79179087308,0.001,1874807.1435509364
1148,-6940.4750712916675,781.0,72,56232,48,55451,-35146.919076604514,0.001,1860179.0707926536
1165,-6942.399649232877,781.0,73,57013,48,56232,-36231.09033890845,0.001,1454967.7195002402
1182,-6976.383100391892,781.0,74,57794,48,57013,-37192.087923135405,0.001,1485720.5796079745
1198,-6964.733718253334,781.0,75,58575,48,57794,-38236.23521526888,0.001,2104234.5055942903
1214,-6969.395656657895,781.0,76,59356,48,58575,-38970.82973551536,0.001,2269850.1095925695
1230,-6986.240750324677,781.0,77,60137,48,59356,-39841.12337948143,0.001,1868049.3443351872
1247,-6975.067118987181,781.0,78,60918,48,60137,-40645.05614796735,0.001,2382220.6290512965
1263,-6998.984810430381,781.0,79,61699,48,60918,-41564.87751080346,0.001,2283935.036296615
1280,-7000.3160367125,781.0,80,62480,48,61699,-42483.70754641485,0.001,2421364.492785191
1297,-7032.590200814815,781.0,81,63261,48,62480,-43316.6533590749,0.001,3024261.3386233593
1314,-7026.901084621953,781.0,82,64042,48,63261,-44247.11527188701,0.001,2477292.018163312
1331,-7044.2921003734955,781.0,83,64823,48,64042,-45414.66629821543,0.001,2975613.9651138363
1348,-7076.772469583335,781.0,84,65604,48,64823,-46330.82119278169,0.001,3085682.564465629
1366,-7104.9561848117655,781.0,85,66385,48,65604,-47319.454920574586,0.001,3000456.284305978
1383,-7083.004119883722,781.0,86,67166,48,66385,-48273.9179637484,0.001,3340293.3332616435
1401,-7047.989918298852,781.0,87,67947,48,67166,-49326.40502960947,0.001,3428969.6597161093
1418,-7069.361404079545,781.0,88,68728,48,67947,-50456.27073663572,0.001,3171740.2701514484
1436,-7033.5799030337075,781.0,89,69509,48,68728,-51799.9443021767,0.001,4582367.17415573
1454,-7048.9147447666655,781.0,90,70290,48,69509,-53303.45261983835,0.001,4448807.887534011
1472,-7122.971652373625,781.0,91,71071,48,70290,-55011.50432638444,0.001,3620199.003941261
1490,-7140.244400684781,781.0,92,71852,48,71071,-56430.09064400608,0.001,4387933.987185899
1509,-7138.20155529032,781.0,93,72633,48,71852,-57480.957586427656,0.001,4741671.874129722
1527,-7123.961236021275,781.0,94,73414,48,72633,-58703.9551006322,0.001,5127849.142815701
1546,-7103.843079578945,781.0,95,74195,47,73414,-59479.96132262324,0.001,5697205.234975192
1565,-7095.9529859375,781.0,96,74976,47,74195,-60544.43862536012,0.001,5272565.104483435
1584,-7112.908945391753,781.0,97,75757,47,74976,-61495.85107234315,0.001,5022137.963038173
1602,-7147.008698520409,781.0,98,76538,47,75757,-62463.1592259523,0.001,4208464.729583466
1621,-7133.343143464647,781.0,99,77319,47,76538,-63331.575224071705,0.001,5903064.597591229
1640,-7171.439279090001,781.0,100,78100,47,77319,-64005.14365096831,0.001,4818187.9356244
1660,-7235.09700995,781.0,101,78881,47,78100,-65179.11278108995,0.001,4685032.493527929
1680,-7248.9811603299995,781.0,102,79662,47,78881,-66200.12261923816,0.001,6559554.794394206
1702,-7237.8349468,781.0,103,80443,47,79662,-66951.01971630922,0.001,6781580.755121639
1726,-7159.94792933,781.0,104,81224,47,80443,-67728.16975932298,0.001,6737053.618798016
1747,-7146.694342279999,781.0,105,82005,46,81224,-68400.2304137324,0.001,5975027.022877321
1767,-7118.799207739999,781.0,106,82786,46,82005,-69238.1346981034,0.001,6433148.325504161
1787,-7094.302660849999,781.0,107,83567,46,82786,-69935.44395206466,0.001,5398187.501000321
1808,-7083.156759379998,781.0,108,84348,46,83567,-70795.60869478234,0.001,7343861.494238156
1828,-7053.40367495,781.0,109,85129,46,84348,-71341.61166573303,0.001,6633808.296354834
1848,-7065.519936730001,781.0,110,85910,46,85129,-72098.17402568822,0.001,7155141.553557138
1869,-7107.76296757,781.0,111,86691,46,85910,-72814.1455765845,0.001,5324696.590168854
1889,-7099.798955050001,781.0,112,87472,46,86691,-73550.13497319142,0.001,6622266.337758083
1910,-7115.46172714,781.0,113,88253,46,87472,-74388.66033130602,0.001,6349587.597871318
1931,-7115.92026446,781.0,114,89034,46,88253,-75114.93089788733,0.001,7177914.338388285
1952,-7153.11517822,781.0,115,89815,46,89034,-76556.72481193981,0.001,6993049.194272167
1972,-7094.6199968500005,781.0,116,90596,45,89815,-77209.19690300897,0.001,8173431.2848811615
1992,-7096.62572691,781.0,117,91377,45,90596,-77812.8056478073,0.001,7125985.082886524
2012,-7084.95618969,781.0,118,92158,45,91377,-78045.88928457107,0.001,9407471.609805137
2033,-7120.968948590001,781.0,119,92939,45,92158,-78613.04915572984,0.001,6720442.681037932
2054,-7106.23272128,781.0,120,93720,45,92939,-79190.20149447823,0.001,8277833.326014325
2075,-7088.7289253300005,781.0,121,94501,45,93720,-79671.76377440781,0.001,7601148.155719831
2095,-7050.702919690001,781.0,122,95282,45,94501,-80129.76058338668,0.001,8461084.267775688
2115,-7072.519569450001,781.0,123,96063,45,95282,-80458.70437540014,0.001,7650965.423825624
2135,-7093.1933773400015,781.0,124,96844,45,96063,-81115.6943021767,0.001,7991808.234675096
2155,-7095.8488026800005,781.0,125,97625,45,96844,-81595.47130081627,0.001,7683328.341659331
2175,-7086.245901680001,781.0,126,98406,45,97625,-82053.43416893407,0.001,9884895.857204305
2195,-7052.549681799999,781.0,127,99187,45,98406,-82521.76243397887,0.001,8740262.703735195
2214,-7099.602072419999,781.0,128,99968,45,99187,-82866.88803417093,0.001,10395012.079805538
2234,-7117.196885409999,781.0,129,100749,45,99968,-83509.9365997119,0.001,7981805.421054738
2253,-7135.48581612,781.0,130,101530,45,100749,-84264.02970950704,0.001,9433879.353703186
2273,-7123.9099086999995,781.0,131,102311,45,101530,-84661.3692181498,0.001,9559537.819762323
2293,-7085.96398074,781.0,132,103092,44,102311,-85299.41361235596,0.001,8781520.103753202
2315,-7099.322573300001,781.0,133,103873,44,103092,-85929.38313260244,0.001,10845531.847131083
2334,-7130.75321708,781.0,134,104654,44,103873,-86905.52501800576,0.001,8725513.99146727
2354,-7158.516117439999,781.0,135,105435,44,104654,-87423.9129621479,0.001,11018321.068852033
2374,-7138.92491783,781.0,136,106216,44,105435,-88009.00896286812,0.001,10999953.002980953
2393,-7129.565768729999,781.0,137,106997,44,106216,-88825.70349511843,0.001,10183281.064850751
2412,-7134.911076049999,781.0,138,107778,44,106997,-89371.851462468,0.001,8547940.701944623
2432,-7112.970228569999,781.0,139,108559,44,107778,-90087.22899327785,0.001,8600103.681127962
2451,-7099.794857569999,781.0,140,109340,44,108559,-90892.98230433739,0.001,8914535.98159411
2471,-7145.421858819999,781.0,141,110121,44,109340,-91433.7314540653,0.001,12530396.169914372
2492,-7141.1425598999995,781.0,142,110902,44,110121,-92080.35816461267,0.001,9968952.620368518
2512,-7176.731118309998,781.0,143,111683,44,110902,-92693.03254041293,0.001,9984378.972761283
2531,-7209.846324529999,781.0,144,112464,44,111683,-93026.29066301216,0.001,13363483.005141646
2551,-7207.0695038899985,781.0,145,113245,44,112464,-93548.89692701664,0.001,10637616.104513444
2570,-7146.14534782,781.0,146,114026,44,113245,-94074.51798575545,0.001,8941102.709116917
2589,-7175.949916410001,781.0,147,114807,44,114026,-94446.4365296895,0.001,12343910.431418054
2609,-7202.82684814,781.0,148,115588,44,114807,-94947.46271806979,0.001,11514594.316261204
2628,-7220.659598369999,781.0,149,116369,44,115588,-95486.0390224872,0.001,11715464.02140685
2648,-7210.852448969999,781.0,150,117150,44,116369,-95740.134753121,0.001,13070479.387744078
2668,-7243.696002919999,781.0,151,117931,44,117150,-96090.18810019206,0.001,11845602.326164372
2687,-7279.902134449999,781.0,152,118712,44,117931,-96496.28718189821,0.001,10855626.970410531
2707,-7320.08808713,781.0,153,119493,44,118712,-96740.45892685659,0.001,9670220.493697984
2727,-7282.629307789999,781.0,154,120274,44,119493,-96965.10975512164,0.001,14264606.980333706
2747,-7289.776102909998,781.0,155,121055,44,120274,-97233.78856233995,0.001,9082429.973891646
2766,-7266.738127489998,781.0,156,121836,44,121055,-97357.3271346831,0.001,13470513.071963029
2786,-7265.733297439999,781.0,157,122617,44,121836,-97644.01056338029,0.001,10906326.544034092
2805,-7226.1830525099995,781.0,158,123398,43,122617,-98138.90454945582,0.001,12369357.870538572
2826,-7276.741541299999,781.0,159,124179,43,123398,-98709.52511803777,0.001,13442268.013584347
2846,-7292.085346639999,781.0,160,124960,43,124179,-98940.25044014085,0.001,13090921.075484155
2866,-7304.4154727800005,781.0,161,125741,43,124960,-99333.82760483355,0.001,11828380.820422536
2885,-7279.74544983,781.0,162,126522,43,125741,-99458.08967869719,0.001,14261425.304617478
2906,-7265.091605379999,781.0,163,127303,43,126522,-99716.28763204225,0.001,10633472.088388285
2926,-7270.563530969999,781.0,164,128084,43,127303,-100200.09776128361,0.001,11687574.10009203
2946,-7302.694247399999,781.0,165,128865,43,128084,-100480.74866957427,0.001,12915280.544074103
2966,-7263.21960622,781.0,166,129646,43,128865,-100753.4052396767,0.001,12599408.57418374
2986,-7296.52553286,781.0,167,130427,43,129646,-100564.31263004162,0.001,12754092.701364437
3005,-7291.286901869999,781.0,168,131208,43,130427,-100695.94996398847,0.001,13356525.58852833
3026,-7234.130971460001,781.0,169,131989,43,131208,-101012.74157730474,0.001,12275647.05465749
3045,-7204.726038770001,781.0,170,132770,43,131989,-101105.2109675096,0.001,12156707.018085787
3066,-7160.378386970001,781.0,171,133551,43,132770,-101035.15020806658,0.001,15057271.362616038
3085,-7189.294592,781.0,172,134332,43,133551,-100985.93513924455,0.001,11698615.882042253
3104,-7196.28855359,781.0,173,135113,43,134332,-100964.09107914532,0.001,16715950.29037292
3123,-7151.875402260002,781.0,174,135894,43,135113,-101039.54713508322,0.001,12783912.130741837
3142,-7228.373160590001,781.0,175,136675,43,135894,-101001.42750680218,0.001,13600032.02146687
3162,-7276.504443800001,781.0,176,137456,43,136675,-100932.37347951345,0.001,12232565.516405249
3182,-7261.03306099,781.0,177,138237,43,137456,-101060.07017245519,0.001,13681016.152168695
3202,-7276.669900239999,781.0,178,139018,43,138237,-100883.10366317221,0.001,11997730.212788092
3222,-7261.65928923,781.0,179,139799,43,139018,-100636.48083386684,0.001,12038522.666613316
3241,-7260.056331069999,781.0,180,140580,43,139799,-100406.19504241357,0.001,13461925.35128241
3266,-7257.31583024,781.0,181,141361,43,140580,-100122.4286171575,0.001,11081128.528929258
3287,-7260.419831679999,781.0,182,142142,43,141361,-99708.73890645006,0.001,13994141.757022247
3308,-7239.408124139999,781.0,183,142923,43,142142,-99583.87325944302,0.001,13807474.400848271
3328,-7246.258286619999,781.0,184,143704,43,142923,-99319.27214708707,0.001,12278287.166673336
3349,-7223.738840209999,781.0,185,144485,43,143704,-99233.2265524968,0.001,15597003.69078105
3369,-7226.00346947,781.0,186,145266,43,144485,-98998.09312980153,0.001,10874649.769146128
3390,-7244.08619535,781.0,187,146047,43,145266,-98674.2589128521,0.001,11397113.703645166
3410,-7215.830558770001,781.0,188,146828,43,146047,-98266.27603833226,0.001,10726820.766795374
3429,-7255.715904189999,781.0,189,147609,43,146828,-97991.02880921894,0.001,13792657.098491518
3449,-7206.407493609999,781.0,190,148390,43,147609,-97574.97873319463,0.001,11190880.6103153
3469,-7139.680210869999,781.0,191,149171,43,148390,-97297.31531089949,0.001,11929710.309338989
3488,-7149.97601711,781.0,192,149952,42,149171,-96910.0206165973,0.001,10894835.884983195
3511,-7143.787075709999,781.0,193,150733,42,149952,-96655.8095090429,0.001,15068613.67865717
3531,-7141.160712259999,781.0,194,151514,42,150733,-96301.00309098912,0.001,12940802.165412933
3551,-7161.24604499,781.0,195,152295,42,151514,-96175.0165853073,0.001,10406439.891335227
3572,-7172.0827318599995,781.0,196,153076,42,152295,-95746.55730833867,0.001,12173882.923615556
3591,-7194.63716573,781.0,197,153857,42,153076,-95588.9852952945,0.001,12143092.60075224
3611,-7183.060433770001,781.0,198,154638,42,153857,-95704.8846730954,0.001,10330678.473111395
3631,-7186.4975407,781.0,199,155419,42,154638,-95762.90682018246,0.001,11182031.741877401
3651,-7174.766726000001,781.0,200,156200,42,155419,-95457.7178197023,0.001,13063071.36459667
3671,-7118.6169664,781.0,201,156981,42,156200,-95457.14474631882,0.001,11778515.885183258
3691,-7139.522832920001,781.0,202,157762,42,156981,-94859.29545454546,0.001,10450054.486095551
3711,-7166.841843630001,781.0,203,158543,42,157762,-94585.50599191741,0.001,12911487.29737516
3731,-7163.49165951,781.0,204,159324,42,158543,-94487.91019126121,0.001,12519945.470210467
3751,-7162.82327634,781.0,205,160105,42,159324,-93924.10365316902,0.001,11270133.992417574
3771,-7183.532657520001,781.0,206,160886,42,160105,-93806.60520366517,0.001,12210734.406229993
3790,-7147.374188450001,781.0,207,161667,42,160886,-93522.94941381241,0.001,11531404.322803296
3810,-7131.081260169999,781.0,208,162448,42,161667,-92993.31089948784,0.001,11759462.582286332
3829,-7114.082367399999,781.0,209,163229,42,162448,-93119.21514884764,0.001,10569666.24643886
3849,-7116.393455180001,781.0,210,164010,42,163229,-92910.7235915493,0.001,12425194.088318262
3869,-7074.4906102,781.0,211,164791,42,164010,-92405.70000400128,0.001,12105036.745118437
3889,-7118.885067550001,781.0,212,165572,42,164791,-92080.70232474392,0.001,11173904.085647408
3909,-7101.2640675500015,781.0,213,166353,42,165572,-91701.49592869719,0.001,10454029.139674695
3929,-7076.26935762,781.0,214,167134,42,166353,-91427.37639044494,0.001,7969917.467569622
3949,-7048.24930837,781.0,215,167915,42,167134,-91120.11207586428,0.001,9772118.005381722
3969,-7086.89304407,781.0,216,168696,42,167915,-90383.35516365236,0.001,9517019.030829865
3993,-7098.50011687,781.0,217,169477,42,168696,-89924.82415372919,0.001,10930391.651118359
4012,-7155.505661970001,781.0,218,170258,42,169477,-89473.2197003041,0.001,9237763.126060339
4032,-7200.32793832,781.0,219,171039,42,170258,-88802.01934619078,0.001,11811662.113496318
4051,-7251.31187717,781.0,220,171820,42,171039,-88265.36484675096,0.001,9588192.930697823
4071,-7316.625374179999,781.0,221,172601,42,171820,-87960.65948103393,0.001,10276213.880411731
4091,-7359.997815299999,781.0,222,173382,42,172601,-87342.99864956786,0.001,9304543.28058979
4113,-7363.61035195,781.0,223,174163,42,173382,-86675.4268365877,0.001,10197420.06306018
4133,-7372.10859301,781.0,224,174944,42,174163,-85884.8797515205,0.001,10834932.886603713
4153,-7387.398229830002,781.0,225,175725,42,174944,-85513.62767085468,0.001,10528132.81024928
4173,-7403.26456395,781.0,226,176506,42,175725,-85164.10952504801,0.001,8339135.717549616
4192,-7415.702443760001,781.0,227,177287,42,176506,-84892.29532450384,0.001,9172115.837668054
4212,-7371.843027389999,781.0,228,178068,42,177287,-84673.40484955185,0.001,8408110.083526729
4231,-7359.138927530002,781.0,229,178849,42,178068,-84275.27960947504,0.001,8348318.923305457
4251,-7376.938287600001,781.0,230,179630,42,178849,-83909.5448543534,0.001,8984162.17165493
4271,-7452.859741340001,781.0,231,180411,42,179630,-83279.8525728233,0.001,7702099.892975752
4291,-7494.957105500001,781.0,232,181192,42,180411,-82723.91442261524,0.001,8811945.664542655
4312,-7499.19109644,781.0,233,181973,42,181192,-82126.47243117797,0.001,8666305.269576265
4331,-7542.64731335,781.0,234,182754,42,181973,-81359.6825984315,0.001,7415832.162802096
4351,-7557.798139740001,781.0,235,183535,42,182754,-80760.95303497119,0.001,8401236.592449583
4370,-7585.667833490001,781.0,236,184316,42,183535,-79923.77380761843,0.001,8725806.509362996
4390,-7591.11608578,781.0,237,185097,42,184316,-79058.52758882842,0.001,8067153.828014965
4409,-7639.58682194,781.0,238,185878,42,185097,-78359.48450504162,0.001,7503646.80240677
4429,-7646.902805679999,781.0,239,186659,42,185878,-77752.60887483995,0.001,7043156.217519606
4449,-7651.545310160001,781.0,240,187440,42,186659,-77125.59020886684,0.001,7972230.9968890045
4469,-7587.932555580001,781.0,241,188221,42,187440,-76266.90878080986,0.001,6776120.246798975
4489,-7571.70922475,781.0,242,189002,42,188221,-75524.13221230794,0.001,7211182.548895647
4509,-7528.946940879999,781.0,243,189783,42,189002,-74685.64416613316,0.001,5784646.036411651
4528,-7528.77608327,781.0,244,190564,42,189783,-74169.74399807939,0.001,6966845.95112436
4548,-7588.40728834,781.0,245,191345,42,190564,-73382.64716709347,0.001,5789398.413452305
4567,-7604.26660175,781.0,246,192126,42,191345,-72699.71719950384,0.001,7505254.826474472
4587,-7552.85634141,781.0,247,192907,42,192126,-72102.95716629321,0.001,5734410.437910131
4606,-7560.522058660001,781.0,248,193688,42,192907,-71508.83462708067,0.001,6524423.376065341
4626,-7549.569633090001,781.0,249,194469,42,193688,-71028.73520526568,0.001,5794426.849051696
4646,-7515.21163469,781.0,250,195250,42,194469,-70442.20308998879,0.001,7568048.664362596
4666,-7528.945530490001,781.0,251,196031,42,195250,-69798.39796234795,0.001,5734280.5957306335
4686,-7485.62256754,781.0,252,196812,41,196031,-69243.49173235435,0.001,5535787.501760564
4707,-7487.625207690001,781.0,253,197593,41,196812,-68767.59351492478,0.001,5494247.576564501
4727,-7512.44130413,781.0,254,198374,41,197593,-68341.2900428137,0.001,5674812.513044174
4747,-7549.9788958399995,781.0,255,199155,41,198374,-67746.03481113956,0.001,5937750.6348231435
4768,-7606.2321659,781.0,256,199936,41,199155,-67341.96937019847,0.001,6260746.566176176
4787,-7648.88173045,781.0,257,200717,41,199936,-66997.02565821062,0.001,6118088.705285692
4807,-7663.717317799999,781.0,258,201498,41,200717,-66409.35485855474,0.001,6012483.63462308
4827,-7708.957723219999,781.0,259,202279,41,201498,-65894.32037752081,0.001,5217116.194232155
4847,-7700.832118099997,781.0,260,203060,41,202279,-65321.87199403809,0.001,6749141.701704546
4867,-7677.592452549999,781.0,261,203841,41,203060,-64752.83971870998,0.001,4608765.004111316
4887,-7702.21751582,781.0,262,204622,41,203841,-64313.73715588988,0.001,4457161.010268286
4907,-7752.794595809999,781.0,263,205403,41,204622,-63965.20029409411,0.001,4302258.6705595795
4926,-7803.4390036899995,781.0,264,206184,41,205403,-63470.74866457266,0.001,5214772.708221631
4946,-7789.37633327,781.0,265,206965,41,206184,-62970.11746258803,0.001,4314972.855953905
4966,-7855.741799319999,781.0,266,207746,41,206965,-62576.17557118278,0.001,5264388.122199104
4986,-7908.498527,781.0,267,208527,41,207746,-62191.36319622279,0.001,3856190.003731194
5005,-7916.5240271,781.0,268,209308,41,208527,-61651.78548135403,0.001,4571239.28981274
5025,-7955.40743309,781.0,269,210089,41,209308,-61164.47228613156,0.001,4466215.43443902
5045,-8014.9820797600005,781.0,270,210870,41,210089,-60815.435789452626,0.001,4300301.3829425415
5065,-8062.171575259999,781.0,271,211651,41,210870,-60342.878045974714,0.001,5081499.818391886
5085,-8083.534083720001,781.0,272,212432,41,211651,-59888.244203145005,0.001,4360367.807223312
5105,-8075.86241976,781.0,273,213213,41,212432,-59439.72922835307,0.001,3942636.283165613
5125,-8162.838053049999,781.0,274,213994,41,213213,-59248.29539952785,0.001,3884760.197418174
5145,-8097.415870039999,781.0,275,214775,41,213994,-58811.854658490716,0.001,4174642.601837588
5167,-8057.577458079999,781.0,276,215556,41,214775,-58246.648367477595,0.001,4239287.93787512
5186,-8094.20104788,781.0,277,216337,41,215556,-57910.59635583387,0.001,4471203.573058379
5205,-8092.8989712600005,781.0,278,217118,41,216337,-57457.789712708065,0.001,3193217.7105573784
5225,-8112.0577906299995,781.0,279,217899,41,217118,-56983.27316741357,0.001,4237984.339248559
5244,-8107.546357479999,781.0,280,218680,41,217899,-56603.240782050256,0.001,3300257.5049015684
5263,-8091.949679669999,781.0,281,219461,41,218680,-56206.696347831305,0.001,4045899.1761513683
5282,-8115.250512369999,781.0,282,220242,41,219461,-55840.994123119395,0.001,3389693.5889234557
5303,-8128.158698069999,781.0,283,221023,41,220242,-55430.8232084267,0.001,3592312.0394176138
5324,-8103.179445419998,781.0,284,221804,41,221023,-55097.28181518086,0.001,4632489.940786052
5343,-8130.710365479999,781.0,285,222585,41,221804,-54594.86239596671,0.001,3902114.6645026407
5363,-8151.08886031,781.0,286,223366,41,222585,-54276.03554137324,0.001,4363189.281234995
5381,-8178.6834830299995,781.0,287,224147,41,223366,-53845.76588508322,0.001,3723771.3724641884
5401,-8229.20262113,781.0,288,224928,41,224147,-53560.16171174776,0.001,3727900.9266515286
5421,-8221.38338934,781.0,289,225709,41,224928,-53239.884923175414,0.001,3448922.394396207
5440,-8257.39296298,781.0,290,226490,41,225709,-52886.16667833707,0.001,3327647.4295674614
5459,-8258.16977656,781.0,291,227271,41,226490,-52519.95336507683,0.001,2857652.94025088
5479,-8233.0006343,781.0,292,228052,41,227271,-52082.79971590909,0.001,3827264.3410641407
5498,-8296.01248499,781.0,293,228833,41,228052,-51800.43057778489,0.001,3580487.6541593308
5517,-8304.534813420001,781.0,294,229614,41,228833,-51246.49760923495,0.001,3156680.6984585067
5536,-8310.91441652,781.0,295,230395,41,229614,-50841.99246258803,0.001,3294289.2728323066
5555,-8322.712846999999,781.0,296,231176,41,230395,-50384.15147347151,0.001,3183170.3705585785
5574,-8312.59410717,781.0,297,231957,41,231176,-49842.65634002881,0.001,3462310.8406790174
5594,-8287.48066681,781.0,298,232738,41,231957,-49412.259217949744,0.001,3152711.895231474
5613,-8292.80014356,781.0,299,233519,41,232738,-48875.35276788572,0.001,2935282.047130082
5632,-8243.879337319999,781.0,300,234300,41,233519,-48482.24540352913,0.001,2803372.844615277
5652,-8266.06182564,781.0,301,235081,41,234300,-48178.89930277689,0.001,2382430.277043654
5671,-8282.91314297,781.0,302,235862,41,235081,-47806.52431278009,0.001,2891677.7911081547
5690,-8279.06739156,781.0,303,236643,41,235862,-47500.2909881162,0.001,2781630.3002210706
5710,-8246.50865123,781.0,304,237424,41,236643,-47063.3075784251,0.001,2743238.4537802096
5729,-8257.083595810001,781.0,305,238205,41,237424,-46736.02365256882,0.001,2786427.0325954305
5748,-8254.50234169,781.0,306,238986,41,238205,-46376.813615356914,0.001,1921859.3034521046
5768,-8255.813236099999,781.0,307,239767,41,238986,-46040.0097581226,0.001,2392348.6413552337
5787,-8290.41400535,781.0,308,240548,41,239767,-45744.46933018566,0.001,2499247.132222311
5806,-8345.76850628,781.0,309,241329,41,240548,-45368.5429337388,0.001,2271919.5994518246
5825,-8370.479724989998,781.0,310,242110,41,241329,-45012.38244238156,0.001,2687229.874289773
5845,-8400.19995246,781.0,311,242891,41,242110,-44647.32199803937,0.001,2242213.036216589
5864,-8393.27131526,781.0,312,243672,41,242891,-44278.1611065541,0.001,2246288.5235225274
5883,-8353.8947522,781.0,313,244453,41,243672,-43941.36023027369,0.001,2191914.7916233195
5904,-8395.89504769,781.0,314,245234,41,244453,-43610.71756462068,0.001,2254746.805310199
5924,-8427.373051420002,781.0,315,246015,41,245234,-43313.9912121879,0.001,2649387.8151608515
5943,-8413.188137020003,781.0,316,246796,41,246015,-42995.11961327625,0.001,1934343.0757767486
5963,-8465.288845710002,781.0,317,247577,41,246796,-42772.22185599392,0.001,1899557.1424380802
5983,-8484.87417176,781.0,318,248358,41,247577,-42478.59653088988,0.001,1975875.866087148
6002,-8425.979741220002,781.0,319,249139,41,248358,-42218.60148247439,0.001,2279318.099011684
6022,-8377.831964810002,781.0,320,249920,41,249139,-41916.78396586908,0.001,2374962.744918374
6041,-8318.615699420001,781.0,321,250701,41,249920,-41646.264474631884,0.001,2175011.237090869
6060,-8289.31331908,781.0,322,251482,41,250701,-41372.81778669174,0.001,2084507.767590629
6079,-8266.92130304,781.0,323,252263,41,251482,-41061.72376660531,0.001,2045485.28068732
6099,-8236.934456769999,781.0,324,253044,41,252263,-40728.84162932138,0.001,2186490.4842024446
6119,-8235.60316727,781.0,325,253825,41,253044,-40398.8359324984,0.001,2347057.641550296
6139,-8202.517485069999,781.0,326,254606,41,253825,-40105.76246899008,0.001,2031335.4942431578
6158,-8195.10386825,781.0,327,255387,41,254606,-39797.02402268726,0.001,2127602.0894861356
6177,-8257.204798189998,781.0,328,256168,41,255387,-39476.57460887484,0.001,1931255.4305227674
6197,-8304.53983167,781.0,329,256949,41,256168,-39260.98546534891,0.001,1828566.2829305378
6216,-8311.367242799999,781.0,330,257730,41,256949,-38966.21414852753,0.001,1964117.0847321143
6235,-8250.319002839999,781.0,331,258511,41,257730,-38756.526213388286,0.001,1960600.1461792774
6255,-8209.79971364,781.0,332,259292,41,258511,-38676.268205825865,0.001,1807867.3303807217
6274,-8151.771779379999,781.0,333,260073,41,259292,-38466.17933238636,0.001,1786368.1799175737
6293,-8116.06357899,781.0,334,260854,41,260073,-38375.09022887324,0.001,1439310.9199043694
6312,-8099.1242938,781.0,335,261635,41,260854,-38202.67439580666,0.001,1681293.5702099672
6332,-8084.581970209999,781.0,336,262416,41,261635,-38088.72291133163,0.001,1597603.7598631561
6351,-8049.050570589999,781.0,337,263197,41,262416,-37882.50810259283,0.001,1692161.391877901
6370,-8041.390466769999,781.0,338,263978,41,263197,-37799.538957466386,0.001,1834906.4408960869
6389,-8034.667024309998,781.0,339,264759,41,263978,-37752.4638784411,0.001,1604582.8076109355
6408,-8029.577282519999,781.0,340,265540,41,264759,-37714.62949143726,0.001,1763047.7005541774
6428,-8026.4599083699995,781.0,341,266321,41,265540,-37606.18130801857,0.001,1830512.6316496278
6447,-8080.038003149999,781.0,342,267102,41,266321,-37407.17932238316,0.001,1874870.8549485835
6466,-8162.3797012099985,781.0,343,267883,41,267102,-37432.23278449104,0.001,1653774.8153434098
6485,-8164.751073419999,781.0,344,268664,41,267883,-37412.07019746319,0.001,1606562.9724036693
6507,-8164.972280869999,781.0,345,269445,41,268664,-37272.59020886684,0.001,1855854.2661501681
6525,-8170.50155697,781.0,346,270226,41,269445,-37126.20579085307,0.001,1317576.7600332107
6544,-8197.44365241,781.0,347,271007,41,270226,-37108.717634643086,0.001,1825614.8667323543
6564,-8204.39346744,781.0,348,271788,41,271007,-36977.99567361556,0.001,1658286.221568402
6583,-8240.111114190002,781.0,349,272569,41,271788,-36793.526903609156,0.001,1437935.7906505081
6602,-8234.968103760002,781.0,350,273350,41,272569,-36685.85490356914,0.001,1718228.9856879201
6621,-8212.94298957,781.0,351,274131,41,273350,-36535.31608614757,0.001,1471669.2594230154
6641,-8226.63157391,781.0,352,274912,41,274131,-36379.881712147886,0.001,1815719.1894606275
6660,-8215.597130560001,781.0,353,275693,41,274912,-36207.06946222791,0.001,1664647.6854493439
6679,-8229.508846409999,781.0,354,276474,41,275693,-36050.775648207426,0.001,1475907.2721170774
6699,-8247.276444750001,781.0,355,277255,41,276474,-35908.88624859955,0.001,1543095.493550436
6718,-8266.64166855,781.0,356,278036,41,277255,-35817.03734695102,0.001,1653339.956893706
6737,-8237.91824903,781.0,357,278817,41,278036,-35765.446687940144,0.001,1306286.9897167094
6756,-8243.21785353,781.0,358,279598,41,278817,-35685.27914432618,0.001,1516992.049680898
6775,-8207.985710480001,781.0,359,280379,41,279598,-35523.08938360275,0.001,1433910.266175176
6794,-8273.914341110001,781.0,360,281160,41,280379,-35477.604535951505,0.001,1296031.8260643405
6813,-8254.056571300001,781.0,361,281941,41,281160,-35362.30907890525,0.001,1293275.4838598352
6833,-8283.828749670001,781.0,362,282722,41,281941,-35327.37508002561,0.001,1423121.8481789173
6852,-8269.38391839,781.0,363,283503,41,282722,-35173.65742537612,0.001,1302645.5920994717
6872,-8228.16651265,781.0,364,284284,41,283503,-35062.168423895644,0.001,1556371.2519006082
6891,-8221.689250049998,781.0,365,285065,41,284284,-34939.76905359715,0.001,1668837.9366797374
6910,-8194.622529629998,781.0,366,285846,41,285065,-34842.94317181498,0.001,1278312.141037632
6929,-8116.870134269999,781.0,367,286627,41,285846,-34733.670354513444,0.001,1196869.4034791132
6948,-8110.751341859998,781.0,368,287408,41,286627,-34566.698270946705,0.001,1745173.9792258523
6967,-8082.3447320899995,781.0,369,288189,41,287408,-34355.763799415814,0.001,1420364.5098381483
6986,-8081.02021238,781.0,370,288970,41,288189,-34151.241907410375,0.001,1144355.1139914773
7005,-8081.832328130001,781.0,371,289751,41,288970,-34018.078977772886,0.001,1229747.19259413
7025,-8018.73694778,781.0,372,290532,41,289751,-33922.047415172856,0.001,1235452.066858895
7044,-8032.4347474900005,781.0,373,291313,41,290532,-33685.508230133644,0.001,1438048.7540287892
7064,-7985.876040340001,781.0,374,292094,41,291313,-33551.105631302016,0.001,1394823.3761228593
7083,-7996.43178138,781.0,375,292875,41,292094,-33345.51990136844,0.001,1041621.61012524
7103,-7992.122406529999,781.0,376,293656,41,292875,-33176.39320082426,0.001,1341130.4935229274
7124,-7975.423186239999,781.0,377,294437,41,293656,-33023.2383087588,0.001,1494941.7184549056
7143,-7986.23564907,781.0,378,295218,41,294437,-32864.471825984314,0.001,1508779.4962713069
7163,-8003.604902969999,781.0,379,295999,41,295218,-32736.16071893006,0.001,1061680.028631662
7183,-8025.528590879998,781.0,380,296780,41,295999,-32609.4101612516,0.001,1353220.9512068862
7202,-8011.995566989999,781.0,381,297561,41,296780,-32482.33782060259,0.001,1291080.9682548416
7221,-8026.954080279999,781.0,382,298342,41,297561,-32295.73194672295,0.001,1172898.77324994
7241,-8058.614520579999,781.0,383,299123,41,298342,-32051.230333706786,0.001,1196185.8042223512
7261,-8046.38751827,781.0,384,299904,41,299123,-31892.73945662612,0.001,1104585.2553267046
7280,-8072.2433684,781.0,385,300685,41,299904,-31740.539990296897,0.001,1112510.2491422256
7299,-8096.88867862,781.0,386,301466,41,300685,-31490.206113456305,0.001,1140720.1414152528
7318,-8110.24511768,781.0,387,302247,41,301466,-31330.791275708227,0.001,1007701.0928172015
7337,-8103.72403194,781.0,388,303028,41,302247,-31136.994093109795,0.001,1150974.891859145
7356,-8118.54488991,781.0,389,303809,41,303028,-30903.945730133644,0.001,1162378.8644866357
7376,-8133.055533379999,781.0,390,304590,41,303809,-30696.957008742796,0.001,1012213.886706246
7395,-8139.76772067,781.0,391,305371,41,304590,-30486.16836887804,0.001,1135516.189403109
7414,-8150.995947689999,781.0,392,306152,41,305371,-30289.553759703103,0.001,1095464.6420729633
7434,-8103.529001409999,781.0,393,306933,41,306152,-30032.26153619158,0.001,1055795.1141152668
7454,-8111.34199231,781.0,394,307714,41,306933,-29917.55557028249,0.001,1158582.250400128
7473,-8093.10554534,781.0,395,308495,41,307714,-29617.30869878361,0.001,1170200.6175051017
7492,-8092.192959600001,781.0,396,309276,41,308495,-29299.374252260724,0.001,915675.53878116
7512,-8064.70006165,781.0,397,310057,41,309276,-29197.002880921897,0.001,1134212.015574984
7531,-8088.961394239999,781.0,398,310838,41,310057,-29003.38075684219,0.001,1127282.650286842
7551,-8112.436012300001,781.0,399,311619,41,310838,-28756.036871798977,0.001,1100666.5438577845
7571,-8199.58244743,781.0,400,312400,41,311619,-28586.53408590749,0.001,875794.2962960647
7594,-8249.363099740001,781.0,401,313181,41,312400,-28377.73944662292,0.001,1006393.3873839629
7614,-8230.41334909,781.0,402,313962,41,313181,-28301.874339788734,0.001,893384.40700024
7634,-8228.00299701,781.0,403,314743,41,313962,-28102.17510103233,0.001,1119982.2601920115
7653,-8282.26150466,781.0,404,315524,41,314743,-27950.34499539853,0.001,960472.6167798695
7672,-8245.50438793,781.0,405,316305,41,315524,-27805.8027293734,0.001,1081734.9232529409
7691,-8259.28711842,781.0,406,317086,41,316305,-27612.72869318182,0.001,1008368.1577304738
7712,-8350.333359119999,781.0,407,317867,41,317086,-27416.631404549455,0.001,1191336.5881582107
7732,-8338.56112606,781.0,408,318648,41,317867,-27215.979528449105,0.001,915437.6641337728
7751,-8323.797949959999,781.0,409,319429,41,318648,-27058.862763584348,0.001,805730.3820435039
7771,-8332.19282079,781.0,410,320210,41,319429,-26881.191171174774,0.001,968418.1125322604
7791,-8348.0278327,781.0,411,320991,41,320210,-26759.659793633964,0.001,927093.7006166973
7811,-8331.336080219999,781.0,412,321772,41,320991,-26565.38594850352,0.001,928422.9552756882
7830,-8415.69514375,781.0,413,322553,41,321772,-26384.903686679736,0.001,871855.75431263
7850,-8391.73476777,781.0,414,323334,41,322553,-26273.760695922694,0.001,897388.1055112636
7869,-8432.31461122,781.0,415,324115,41,323334,-26100.825724231756,0.001,855001.9142388065
7888,-8484.616853630001,781.0,416,324896,41,324115,-25931.053867237515,0.001,856494.9530224672
7908,-8448.90397185,781.0,417,325677,41,324896,-25835.18692981754,0.001,875817.403246539
7927,-8355.69262564,781.0,418,326458,41,325677,-25645.09386253601,0.001,733347.1802526809
7948,-8346.68852951,781.0,419,327239,41,326458,-25489.682645946705,0.001,889382.6198633562
7968,-8367.25601347,781.0,420,328020,41,327239,-25296.700341609314,0.001,848849.6296539892
7988,-8376.00350554,781.0,421,328801,41,328020,-25164.53456356034,0.001,726885.4973103893
8008,-8390.53991042,781.0,422,329582,41,328801,-25019.093209827144,0.001,773136.9387128882
8028,-8399.24516125,781.0,423,330363,41,329582,-24918.97958346671,0.001,707673.5230461247
8048,-8410.227026560002,781.0,424,331144,41,330363,-24739.612250920294,0.001,814161.9326109355
8067,-8452.383076700002,781.0,425,331925,41,331144,-24598.993400388124,0.001,814548.9133685279
8087,-8522.223781940002,781.0,426,332706,41,331925,-24465.697615737037,0.001,758918.5432238316
8106,-8580.41673097,781.0,427,333487,41,332706,-24423.761691241198,0.001,626868.1637611536
8126,-8538.38115191,781.0,428,334268,41,333487,-24301.49239006482,0.001,724696.2876220391
8146,-8506.497733279999,781.0,429,335049,41,334268,-24207.099824443823,0.001,748247.8811232094
8166,-8507.88265243,781.0,430,335830,41,335049,-24050.855971410852,0.001,676380.3195897688
8186,-8512.392024570001,781.0,431,336611,41,335830,-23905.744183138606,0.001,672528.5573183419
8206,-8533.27670955,781.0,432,337392,41,336611,-23777.600174555857,0.001,711127.0971598411
8226,-8601.277639670001,781.0,433,338173,41,337392,-23662.58389434619,0.001,706914.7594042594
8245,-8568.327591570001,781.0,434,338954,41,338173,-23502.953165012805,0.001,678892.9430055118
8265,-8560.01494998,781.0,435,339735,41,338954,-23436.168118798014,0.001,617517.6174863456
8285,-8588.242333660002,781.0,436,340516,41,339735,-23296.165272887323,0.001,660916.4162944643
8306,-8638.3573254,781.0,437,341297,41,340516,-23139.623504521445,0.001,697369.5755979413
8326,-8582.16379446,781.0,438,342078,41,341297,-23029.467637143887,0.001,675517.652350002
8347,-8589.55534352,781.0,439,342859,41,342078,-22883.662254421415,0.001,586034.1123797115
8367,-8637.04004709,781.0,440,343640,41,342859,-22752.71641925416,0.001,630698.7189200544
8387,-8663.081606119998,781.0,441,344421,41,343640,-22649.591031630123,0.001,598216.5463135703
8407,-8612.10111897,781.0,442,345202,41,344421,-22433.1504081306,0.001,658476.2889512144
8427,-8581.07906796,781.0,443,345983,41,345202,-22360.17510103233,0.001,605303.6347318642
8446,-8619.48648452,781.0,444,346764,41,345983,-22223.473361475673,0.001,568893.9219412712
8466,-8590.51146061,781.0,445,347545,41,346764,-22140.89609425016,0.001,577817.8762353953
8486,-8617.72244469,781.0,446,348326,41,347545,-21930.508072583227,0.001,523426.29416663334
8506,-8634.29343232,781.0,447,349107,41,348326,-21772.004416413252,0.001,582039.3054564961
8526,-8622.01090468,781.0,448,349888,41,349107,-21610.486280609795,0.001,595778.6024927977
8546,-8602.849033670002,781.0,449,350669,41,349888,-21514.48855383723,0.001,662055.9079642986
8566,-8624.33495561,781.0,450,351450,41,350669,-21345.93320362516,0.001,588392.1256714648
8586,-8640.01168746,781.0,451,352231,41,351450,-21234.491129661492,0.001,546484.8802391766
8606,-8681.78920133,781.0,452,353012,41,352231,-21104.197778289054,0.001,619232.1021301816
8625,-8691.02997193,781.0,453,353793,41,353012,-20941.558821322822,0.001,597599.7586640224
8645,-8744.60623344,781.0,454,354574,41,353793,-20777.27648347471,0.001,449677.23864386603
8665,-8751.36173465,781.0,455,355355,41,354574,-20669.183153609156,0.001,497966.0246428857
8685,-8690.802007799999,781.0,456,356136,41,355355,-20504.754916573303,0.001,527692.0692296535
8706,-8689.787385110001,781.0,457,356917,40,356136,-20305.799515845072,0.001,423082.90521967027
8726,-8683.8196555,781.0,458,357698,40,356917,-20194.0937600032,0.001,640887.1173513024
8746,-8657.53940681,781.0,459,358479,40,357698,-20065.158250640205,0.001,505378.2199666393
8765,-8617.362907039998,781.0,460,359260,40,358479,-19932.81134463028,0.001,598263.7232776989
8785,-8653.399143030001,781.0,461,360041,40,359260,-19831.529559459028,0.001,482566.003962518
8805,-8659.924390569999,781.0,462,360822,40,360041,-19663.614539152528,0.001,550498.9924475832
8825,-8659.15800473,781.0,463,361603,40,360822,-19550.94395206466,0.001,545962.7725634703
8844,-8651.298982799999,781.0,464,362384,40,361603,-19398.621343830026,0.001,445747.1767990757
8864,-8633.30449533,781.0,465,363165,40,362384,-19280.75411381642,0.001,556422.7038277249
8884,-8668.48620175,781.0,466,363946,40,363165,-19134.54073553537,0.001,512375.88532142784
8908,-8713.32438367,781.0,467,364727,40,363946,-19002.626728052976,0.001,483567.05325704225
8928,-8739.477259629999,781.0,468,365508,40,364727,-18813.82411871799,0.001,387587.45367267524
8948,-8754.91216353,781.0,469,366289,40,365508,-18719.566621318823,0.001,412836.08023067383
8968,-8706.35781939,781.0,470,367070,40,366289,-18586.70084927177,0.001,380385.09812327445
8989,-8651.550563620001,781.0,471,367851,40,367070,-18467.09063900448,0.001,453350.5281640125
9009,-8680.01756228,781.0,472,368632,40,367851,-18339.141382742477,0.001,515780.1479817291
9029,-8658.98257374,781.0,473,369413,40,368632,-18205.639424615878,0.001,450712.29804287374
9048,-8658.89609925,781.0,474,370194,40,369413,-18062.81122459187,0.001,394001.6853143006
9068,-8656.68789786,781.0,475,370975,40,370194,-17961.676346430857,0.001,396669.21371401346
9089,-8655.81581615,781.0,476,371756,40,370975,-17831.97811299616,0.001,361946.6291732104
9109,-8617.78484491,781.0,477,372537,40,371756,-17731.813596600914,0.001,391398.6735399078
9129,-8576.015160220002,781.0,478,373318,40,372537,-17572.58376680538,0.001,421422.3389059499
9149,-8589.204681140001,781.0,479,374099,40,373318,-17489.27883172615,0.001,393572.2654712008
9169,-8577.93879179,781.0,480,374880,40,374099,-17356.213634613076,0.001,365002.159824894
9189,-8597.28823362,781.0,481,375661,40,374880,-17247.4326184379,0.001,365804.0779962088
9208,-8574.845856430002,781.0,482,376442,40,375661,-17153.71934519046,0.001,404709.2508815321
9228,-8549.46649811,781.0,483,377223,40,376442,-17032.623479513444,0.001,470525.5014929777
9248,-8573.68049796,781.0,484,378004,40,377223,-16976.818129301377,0.001,348352.1704426666
9269,-8528.70595183,781.0,485,378785,40,378004,-16887.102976702547,0.001,395185.5654271867
9289,-8495.32900609,781.0,486,379566,40,378785,-16755.916371989035,0.001,310639.4912772087
9309,-8512.23552177,781.0,487,380347,40,379566,-16706.83447328145,0.001,418832.01890855073
9330,-8507.499491399998,781.0,488,381128,40,380347,-16616.990632002242,0.001,370354.63177341747
9350,-8522.535182239999,781.0,489,381909,40,381128,-16508.566916413252,0.001,370329.16727415274
9370,-8477.083010299999,781.0,490,382690,40,381909,-16455.33800691221,0.001,322675.00616322225
9390,-8457.62243484,781.0,491,383471,40,382690,-16375.33273147407,0.001,330843.6259896917
9409,-8437.98536942,781.0,492,384252,40,383471,-16294.876092849712,0.001,406819.69748757104
9429,-8413.31022161,781.0,493,385033,40,384252,-16187.754872809299,0.001,326459.86061102053
9450,-8420.27346884,781.0,494,385814,40,385033,-16093.037868367877,0.001,355491.48674700904
9470,-8445.42008173,781.0,495,386595,40,385814,-15965.975425886283,0.001,376136.9271104253
9490,-8465.27585135,781.0,496,387376,40,386595,-15865.012370208467,0.001,337568.37924948486
9512,-8469.46824892,781.0,497,388157,40,387376,-15741.85263409291,0.001,344758.23096578405
9532,-8509.025224060002,781.0,498,388938,40,388157,-15646.95575959307,0.001,311809.57591929415
9552,-8508.752739540001,781.0,499,389719,40,388938,-15544.23906525088,0.001,315683.2306838188
9573,-8453.3213088,781.0,500,390500,40,389719,-15414.026150868278,0.001,380379.37867992755
9592,-8391.613613029998,781.0,501,391281,40,390500,-15330.463900948303,0.001,316186.55977037654
9612,-8346.525846609999,781.0,502,392062,40,391281,-15224.555536521688,0.001,321368.10423147905
9633,-8359.60807156,781.0,503,392843,40,392062,-15122.950889284572,0.001,310486.38533393183
9653,-8358.633402279998,781.0,504,393624,40,392843,-15039.32051756562,0.001,264547.0277607584
9673,-8365.197894519999,781.0,505,394405,40,393624,-14968.508347671255,0.001,274961.1533790813
9693,-8337.95085541,781.0,506,395186,40,394405,-14933.490561979834,0.001,238930.81476197383
9713,-8268.13102343,781.0,507,395967,40,395186,-14869.845339258563,0.001,316675.409778004
9733,-8264.84195172,781.0,508,396748,40,395967,-14858.149644136123,0.001,279059.61368387885
9753,-8284.823323030001,781.0,509,397529,40,396748,-14771.449169984395,0.001,285152.5657047755
9773,-8250.46128027,781.0,510,398310,40,397529,-14717.539562660051,0.001,316360.9394049846
9793,-8285.547529270001,781.0,511,399091,40,398310,-14645.759105413732,0.001,266906.41225817264
9814,-8344.39299315,781.0,512,399872,40,399091,-14577.795448293455,0.001,304552.9531037432
9834,-8315.22501483,781.0,513,400653,40,399872,-14517.607301836588,0.001,223398.2539400108
9854,-8365.760235819998,781.0,514,401434,40,400653,-14455.268123299456,0.001,260236.40385860976
9876,-8303.51573284,781.0,515,402215,40,401434,-14390.599851952626,0.001,297506.4722773788
9896,-8264.171876569999,781.0,516,402996,40,402215,-14279.949196242798,0.001,277747.27611960826
9916,-8278.53672703,781.0,517,403777,40,402996,-14227.891322723272,0.001,286960.2802209207
9937,-8309.73183159,781.0,518,404558,40,403777,-14195.454910571383,0.001,263859.0050041013
9957,-8355.668630660002,781.0,519,405339,40,404558,-14143.489201544495,0.001,248255.51678099492
9976,-8393.62225706,781.0,520,406120,40,405339,-14095.008921604913,0.001,293277.95757142286
9997,-8397.64232958,781.0,521,406901,40,406120,-14013.201233144606,0.001,242693.40251755563
10017,-8410.160616820001,781.0,522,407682,40,406901,-13925.405516015126,0.001,205629.29963150708
10038,-8434.3432525,781.0,523,408463,40,407682,-13865.469465228873,0.001,266117.98603240534
10058,-8428.65728445,781.0,524,409244,40,408463,-13765.989766725352,0.001,262619.2820458797
10078,-8389.45824204,781.0,525,410025,40,409244,-13698.316633822824,0.001,205937.92523044875
10098,-8396.31779455,781.0,526,410806,40,410025,-13659.625143796015,0.001,262558.8098060129
10120,-8371.79829585,781.0,527,411587,40,410806,-13616.086994088108,0.001,246541.30176969132
10140,-8364.83153027,781.0,528,412368,40,411587,-13590.29171584907,0.001,252278.07138034172
10160,-8390.774020320001,781.0,529,413149,40,412368,-13508.220730633802,0.001,281970.8858616007
10181,-8371.01247072,781.0,530,413930,40,413149,-13484.140114836748,0.001,259143.25180182658
10201,-8380.853543009998,781.0,531,414711,40,413930,-13478.117961497679,0.001,254275.61552821903
10221,-8372.994525659999,781.0,532,415492,40,414711,-13440.096187029849,0.001,222469.77463038173
10241,-8350.42033406,781.0,533,416273,40,415492,-13448.943386883802,0.001,237066.11974644387
10261,-8354.7993877,781.0,534,417054,40,416273,-13386.742211257602,0.001,217598.9728647542
10281,-8372.55638304,781.0,535,417835,40,417054,-13340.90772047055,0.001,220620.62187149888
10302,-8350.739975240002,781.0,536,418616,40,417835,-13274.404218099791,0.001,259407.54052234214
10322,-8333.747821140001,781.0,537,419397,40,418616,-13235.502885923495,0.001,214965.75522448434
10342,-8359.68495321,781.0,538,420178,40,419397,-13114.908494468229,0.001,253842.36793273847
10362,-8373.75935633,781.0,539,420959,40,420178,-13042.758353923255,0.001,217409.1192894226
10382,-8338.360349100001,781.0,540,421740,40,420959,-12958.432439630682,0.001,255344.6894862606
10402,-8330.26010387,781.0,541,422521,40,421740,-12908.554508692781,0.001,252255.07247569223
10423,-8372.425665379998,781.0,542,423302,40,422521,-12852.174404559459,0.001,239650.42172995358
10443,-8381.27236429,781.0,543,424083,40,423302,-12810.001405449744,0.001,220081.0146174901
10463,-8364.34053927,781.0,544,424864,40,424083,-12734.96318571943,0.001,178837.19582766487
10484,-8381.7969375,781.0,545,425645,40,424864,-12657.299832196302,0.001,246016.3554756272
10504,-8367.01027043,781.0,546,426426,40,425645,-12615.827887423975,0.001,248783.33548798115
10524,-8395.23545937,781.0,547,427207,40,426426,-12545.515886333627,0.001,196562.7217878471
10544,-8407.130788019998,781.0,548,427988,40,427207,-12474.763070432538,0.001,215436.83229570964
10565,-8406.75794378,781.0,549,428769,40,427988,-12421.418510173255,0.001,241674.83033883342
10585,-8417.337528669997,781.0,550,429550,40,428769,-12350.546656179977,0.001,208494.37752330746
10605,-8412.985236599998,781.0,551,430331,40,429550,-12281.352330245678,0.001,226891.22404857056
10625,-8414.518208779999,781.0,552,431112,40,430331,-12242.808544984395,0.001,178145.2488018041
10645,-8437.85154947,781.0,553,431893,40,431112,-12177.55517890725,0.001,248256.40482016746
10665,-8402.50190866,781.0,554,432674,40,431893,-12112.17305662812,0.001,193266.94401646027
10685,-8397.381529409999,781.0,555,433455,40,432674,-12017.681868197824,0.001,229049.4278134628
10708,-8448.0162261,781.0,556,434236,40,433455,-11985.624173485516,0.001,174562.69695615096
10729,-8502.42649163,781.0,557,435017,40,434236,-11918.96836362636,0.001,197583.52401049586
10750,-8566.098922219999,781.0,558,435798,40,435017,-11874.78330815861,0.001,184574.05210761193
10771,-8613.89487233,781.0,559,436579,40,435798,-11827.87627165693,0.001,210780.1904396907
10793,-8631.96154015,781.0,560,437360,40,436579,-11792.845226722551,0.001,160810.66820007403
10814,-8587.73226832,781.0,561,438141,40,437360,-11741.189611925816,0.001,206562.74365171854
10835,-8559.66899685,781.0,562,438922,40,438141,-11673.253437349951,0.001,213778.97333052827
10856,-8534.792339929998,781.0,563,439703,40,438922,-11616.455216919414,0.001,187849.08430541522
10877,-8518.870971830002,781.0,564,440484,40,439703,-11524.717505851873,0.001,212649.99737072113
10898,-8551.29047235,781.0,565,441265,40,440484,-11457.719313930458,0.001,198430.34162557017
10920,-8527.303685269999,781.0,566,442046,40,441265,-11380.799408310659,0.001,170876.79929327386
10941,-8493.35702696,781.0,567,442827,40,442046,-11295.731359034891,0.001,171370.20458109095
10962,-8494.07004515,781.0,568,443608,40,442827,-11245.349268015765,0.001,162461.87829730514
10983,-8521.7525883,781.0,569,444389,40,443608,-11143.829250360115,0.001,203571.89171034732
11003,-8545.07538051,781.0,570,445170,40,444389,-11074.43085537372,0.001,159336.21433765054
11024,-8540.153585069998,781.0,571,445951,40,445170,-11012.479550956306,0.001,168340.19671544895
11046,-8536.52659782,781.0,572,446732,40,445951,-10951.885338308259,0.001,142944.02390171104
11067,-8567.48633909,781.0,573,447513,40,446732,-10916.98417743678,0.001,171682.24185926997
11089,-8552.93762125,781.0,574,448294,40,447513,-10833.979163332266,0.001,145252.61783739546
11110,-8525.844183109999,781.0,575,449075,40,448294,-10778.844177636844,0.001,158790.16618849282
11131,-8520.80218041,781.0,576,449856,40,449075,-10694.752450784252,0.001,187327.9405219045
11153,-8534.64166527,781.0,577,450637,40,449856,-10633.935208016565,0.001,153318.99059105164
11176,-8561.20539938,781.0,578,451418,40,450637,-10557.073462257922,0.001,174051.7148346846
11199,-8471.725330270001,781.0,579,452199,40,451418,-10495.23614431618,0.001,139829.42705634554
11220,-8472.754692060002,781.0,580,452980,40,452199,-10449.548366727353,0.001,164895.42409133422
11242,-8451.808249400001,781.0,581,453761,40,452980,-10385.498021866997,0.001,120779.54049295775
11263,-8449.00187404,781.0,582,454542,40,453761,-10327.829071552896,0.001,150300.7695568832
11285,-8440.1761332,781.0,583,455323,40,454542,-10282.79628356074,0.001,111796.48003142256
11307,-8411.08690226,781.0,584,456104,40,455323,-10233.741473521526,0.001,140331.1639333962
11328,-8382.767703849999,781.0,585,456885,40,456104,-10178.93877165693,0.001,156200.67038608604
11349,-8387.18043441,781.0,586,457666,40,456885,-10084.200868027769,0.001,154835.40271574404
11370,-8316.026346419998,781.0,587,458447,40,457666,-10032.401003321063,0.001,128305.57108524728
11391,-8300.326905079999,781.0,588,459228,40,458447,-9979.288822423176,0.001,108793.18424176986
11412,-8297.30237577,781.0,589,460009,40,459228,-9895.089043493917,0.001,110733.61083921856
11433,-8378.44778905,781.0,590,460790,40,460009,-9801.227035151249,0.001,166169.41203904
11456,-8396.904575819999,781.0,591,461571,40,460790,-9693.926795324503,0.001,99938.2685734435
11477,-8445.56081226,781.0,592,462352,40,461571,-9610.585134743118,0.001,145528.5966662457
11498,-8459.06125276,781.0,593,463133,40,462352,-9521.149880461748,0.001,138268.97455435738
11520,-8450.38844257,781.0,594,463914,40,463133,-9433.373617057458,0.001,121635.60552001641
11541,-8425.189990840001,781.0,595,464695,40,463914,-9345.936680987916,0.001,106574.55478518752
11562,-8367.77007704,781.0,596,465476,40,464695,-9272.17217259523,0.001,145088.38164275067
11583,-8359.02152668,781.0,597,466257,40,465476,-9187.35263034171,0.001,110194.96600693472
11604,-8279.695967590002,781.0,598,467038,40,466257,-9145.618880541773,0.001,115894.59152866417
11625,-8251.5381568,781.0,599,467819,40,467038,-9053.138343019766,0.001,107590.91133975371
11647,-8214.84844135,781.0,600,468600,40,467819,-8988.893410891485,0.001,124696.92842334547
11668,-8219.7179812,781.0,601,469381,40,468600,-8904.555750340109,0.001,141007.63517169244
11689,-8235.12193129,781.0,602,470162,40,469381,-8804.207771486876,0.001,117253.98966794374
11710,-8198.449861729998,781.0,603,470943,40,470162,-8731.840567731675,0.001,119316.74102462787
11731,-8191.1469456999985,781.0,604,471724,40,470943,-8660.511174200745,0.001,88226.17650585687
11752,-8223.075683049998,781.0,605,472505,40,471724,-8592.014584041894,0.001,87832.85336417028
11773,-8213.2369937,781.0,606,473286,40,472505,-8525.398725092029,0.001,81748.0333119098
11794,-8238.745775559999,781.0,607,474067,40,473286,-8452.182494023087,0.001,120938.14372333522
11815,-8219.36286995,781.0,608,474848,40,474067,-8362.408930857875,0.001,118633.06692172746
11837,-8180.659509900001,781.0,609,475629,40,474848,-8306.153522877321,0.001,116256.02071100252
11858,-8191.18287004,781.0,610,476410,40,475629,-8250.626740556978,0.001,88096.10326585757
11878,-8137.886458630001,781.0,611,477191,40,476410,-8188.00156112456,0.001,90794.25231324024
11899,-8065.389188249999,781.0,612,477972,40,477191,-8108.318957691461,0.001,105128.93980011104
11922,-8049.4699447,781.0,613,478753,40,477972,-8045.206950599192,0.001,83002.23428481488
11942,-7994.38300025,781.0,614,479534,40,478753,-7952.839640559979,0.001,95260.91289540778
11964,-7967.6504474799995,781.0,615,480315,40,479534,-7888.290661761764,0.001,81080.23921311069
11985,-7959.037934480001,781.0,616,481096,40,480315,-7833.911569202145,0.001,82738.48439594421
12007,-7917.575559340001,781.0,617,481877,40,481096,-7759.056681888204,0.001,75525.50272587228
12028,-7966.770180019999,781.0,618,482658,40,481877,-7691.4199343790015,0.001,86789.9228628161
12049,-7924.89762322,781.0,619,483439,40,482658,-7612.985423460507,0.001,82564.23195750765
12070,-7933.343537799999,781.0,620,484220,40,483439,-7573.937239291573,0.001,89300.44446113381
12091,-7957.950911079999,781.0,621,485001,40,484220,-7495.910313800416,0.001,82365.98957447633
12112,-7959.222468039999,781.0,622,485782,40,485001,-7416.422873444502,0.001,71048.13262759708
12133,-7938.64579601,781.0,623,486563,40,485782,-7345.716579930578,0.001,77839.57996105628
12154,-7949.9168921,781.0,624,487344,40,486563,-7269.011972581226,0.001,76783.24248259443
12175,-7929.65536369,781.0,625,488125,40,487344,-7222.8432242067465,0.001,53380.23491767365
12197,-7854.712790560001,781.0,626,488906,40,488125,-7145.6904315631,0.001,88930.55696072744
12218,-7839.06321105,781.0,627,489687,40,488906,-7091.628896871999,0.001,88161.31486950825
12239,-7824.45044141,781.0,628,490468,40,489687,-7027.962620538572,0.001,73978.99029626981
12260,-7801.60486683,781.0,629,491249,40,490468,-6981.77597331146,0.001,72772.30006133212
12281,-7784.86930566,781.0,630,492030,40,491249,-6932.630130391725,0.001,69210.84005944402
12302,-7809.152907309999,781.0,631,492811,40,492030,-6875.511015399928,0.001,62081.88959748369
12323,-7818.474798449997,781.0,632,493592,40,492811,-6823.066066766365,0.001,68128.31190137094
12344,-7817.514993159998,781.0,633,494373,40,493592,-6738.989584792133,0.001,81113.77595142946
12365,-7807.666133399999,781.0,634,495154,40,494373,-6675.5591351732555,0.001,64480.06085681793
12387,-7837.84812499,781.0,635,495935,40,495154,-6598.365945852673,0.001,80493.6191576617
12408,-7869.350158439999,781.0,636,496716,40,495935,-6506.17813075184,0.001,60616.88265197988
12428,-7848.081868909999,781.0,637,497497,40,496716,-6447.391902283731,0.001,61712.20699483209
12449,-7836.43279906,781.0,638,498278,40,497497,-6374.270776023327,0.001,61402.6669513932
12470,-7855.23934523,781.0,639,499059,40,498278,-6310.577014644687,0.001,44380.03117380374
12491,-7889.621774519998,781.0,640,499840,40,499059,-6218.078505746839,0.001,57227.22354247109
12515,-7870.621748909999,781.0,641,500621,40,499840,-6125.1659587317945,0.001,64822.58770017343
12536,-7817.048114029999,781.0,642,501402,39,500621,-6031.546164147528,0.001,53297.265144533754
12558,-7780.362724969999,781.0,643,502183,39,501402,-5949.076208761804,0.001,61805.49978024218
12579,-7739.738417479999,781.0,644,502964,39,502183,-5890.3773226182375,0.001,55039.10365004301
12600,-7695.153612209999,781.0,645,503745,39,502964,-5808.70634978193,0.001,42964.07203742697
12621,-7702.746031149998,781.0,646,504526,39,503745,-5729.505998794614,0.001,46433.69851071093
12642,-7705.64371832,781.0,647,505307,39,504526,-5659.614364096511,0.001,42584.90534228766
12663,-7682.117841359998,781.0,648,506088,39,505307,-5606.019785706426,0.001,44433.571611118685
12684,-7642.5737358100005,781.0,649,506869,39,506088,-5528.290859950184,0.001,48361.910912195024
12705,-7646.36932683,781.0,650,507650,39,506869,-5447.469182013244,0.001,48715.97810416521
12725,-7613.430391230001,781.0,651,508431,39,507650,-5395.7741583556735,0.001,44469.231324648885
12748,-7546.620192610001,781.0,652,509212,39,508431,-5343.333070332506,0.001,51150.45542089093
12769,-7493.397511260002,781.0,653,509993,39,509212,-5290.831139714709,0.001,51650.31127742127
12790,-7501.022577470001,781.0,654,510774,39,509993,-5236.985310299296,0.001,39944.27095842545
12811,-7476.212954990001,781.0,655,511555,39,510774,-5183.75361740757,0.001,54235.30294241032
12832,-7471.661967110001,781.0,656,512336,39,511555,-5135.135440841069,0.001,45683.48217140423
12853,-7427.991851929999,781.0,657,513117,39,512336,-5097.385629026288,0.001,37502.100847271126
12874,-7357.866290059999,781.0,658,513898,39,513117,-5054.354999849952,0.001,41194.27594666231
12895,-7295.952182149998,781.0,659,514679,39,513898,-5006.927288607354,0.001,37571.36333978436
12916,-7252.71127403,781.0,660,515460,39,514679,-4955.560367442582,0.001,41622.14530274688
12938,-7272.256743240001,781.0,661,516241,39,515460,-4900.5971323323465,0.001,41303.62415707402
12959,-7307.2440909100005,781.0,662,517022,39,516241,-4847.087814975792,0.001,39483.336010335806
12980,-7307.7138703,781.0,663,517803,39,517022,-4802.802948818622,0.001,31920.341069845475
13001,-7328.426976630001,781.0,664,518584,39,517803,-4748.563987350953,0.001,28265.67751813393
13022,-7305.22833556,781.0,665,519365,39,518584,-4712.882903779209,0.001,38285.309220278614
13042,-7302.88421811,781.0,666,520146,39,519365,-4659.591787496999,0.001,30748.63016477773
13064,-7347.32623706,781.0,667,520927,39,520146,-4613.603591899408,0.001,36613.76634202633
13084,-7337.63851998,781.0,668,521708,39,520927,-4568.8234359995195,0.001,36539.784637646546
13108,-7312.63708321,781.0,669,522489,39,521708,-4521.284928989777,0.001,37708.01704209409
13128,-7312.792034859999,781.0,670,523270,39,522489,-4476.007624002181,0.001,32472.784530581037
13150,-7344.398352480001,781.0,671,524051,39,523270,-4419.727841659331,0.001,30720.345947500075
13172,-7331.81605917,781.0,672,524832,39,524051,-4382.003431723151,0.001,30355.782242895853
13192,-7292.17606748,781.0,673,525613,39,524832,-4343.761890680018,0.001,33158.665763356774
13213,-7264.3031542300005,781.0,674,526394,39,525613,-4283.525552239216,0.001,27126.993294885615
13234,-7282.55485585,781.0,675,527175,39,526394,-4229.298945662612,0.001,25352.265258320163
13255,-7256.205538329999,781.0,676,527956,39,527175,-4185.664105951404,0.001,29417.428492898976
13276,-7289.370427900001,781.0,677,528737,39,527956,-4134.697705453245,0.001,23321.355815657884
13297,-7285.254117729999,781.0,678,529518,39,528737,-4072.554833796815,0.001,26859.034898433125
13318,-7361.8744416,781.0,679,530299,39,529518,-4023.69013865687,0.001,24791.38466512409
13340,-7382.313391649999,781.0,680,531080,39,530299,-3954.972295196963,0.001,25155.48438461245
13361,-7412.839903799999,781.0,681,531861,39,531080,-3920.3759299850954,0.001,25768.182150319353
13382,-7438.59238863,781.0,682,532642,39,531861,-3868.691693216829,0.001,21610.305832045942
13402,-7427.18752001,781.0,683,533423,39,532642,-3831.1400632577424,0.001,19318.98843524459
13423,-7422.44246579,781.0,684,534204,39,533423,-3769.381963478313,0.001,22752.660961898433
13444,-7438.92039361,781.0,685,534985,39,534204,-3714.8721544019086,0.001,21500.599435569384
13465,-7421.98862439,781.0,686,535766,39,534985,-3674.7613239361594,0.001,20646.219912012468
13487,-7448.69961029,781.0,687,536547,39,535766,-3641.1911499179737,0.001,23907.14239111203
13508,-7452.4136091,781.0,688,537328,39,536547,-3599.6285930247677,0.001,19684.31083290403
13529,-7434.56987241,781.0,689,538109,39,537328,-3553.493376317922,0.001,19466.906720931947
13549,-7391.496886430001,781.0,690,538890,39,538109,-3513.5037471365836,0.001,17697.589118908676
13570,-7374.450224370001,781.0,691,539671,39,538890,-3469.8487731699142,0.001,20409.57874218969
13591,-7329.9837538500005,781.0,692,540452,39,539671,-3430.497204105314,0.001,18473.809975754742
13612,-7329.31267291,781.0,693,541233,39,540452,-3390.623122836808,0.001,17697.933083391374
13633,-7322.44893038,781.0,694,542014,39,541233,-3341.4549715283893,0.001,21224.2099840699
13654,-7335.537896110001,781.0,695,542795,39,542014,-3300.380282940541,0.001,16706.562604877312
13675,-7357.77876554,781.0,696,543576,39,542795,-3263.300017568122,0.001,17567.426557865703
13696,-7374.3802242599995,781.0,697,544357,39,543576,-3214.5514427116677,0.001,17383.84502525183
13718,-7370.97619468,781.0,698,545138,39,544357,-3158.374378863736,0.001,18279.913197066813
13739,-7387.4851020999995,781.0,699,545919,39,545138,-3115.8092323918654,0.001,16670.529962361394
13761,-7402.13260445,781.0,700,546700,39,545919,-3086.6562534386003,0.001,17924.001593869412
13782,-7423.386660890002,781.0,701,547481,39,546700,-3053.1104916073145,0.001,13862.030780709201
13803,-7433.82325295,781.0,702,548262,39,547481,-3015.159558871339,0.001,17247.364247145022
13824,-7427.20437864,781.0,703,549043,39,548262,-2975.9794509242956,0.001,14841.433046387345
13845,-7380.897694919999,781.0,704,549824,39,549043,-2938.527971138264,0.001,17755.355691829198
13866,-7353.40973383,781.0,705,550605,39,549824,-2912.0765579360395,0.001,13497.474106675074
13887,-7355.523018069999,781.0,706,551386,39,550605,-2881.084172872819,0.001,14619.320921015038
13908,-7327.65128803,781.0,707,552167,39,551386,-2850.6837819352195,0.001,15561.9518984747
13929,-7348.08958648,781.0,708,552948,39,552167,-2810.332798995679,0.001,13473.934836374203
13949,-7335.166269080001,781.0,709,553729,39,552948,-2769.9680210167253,0.001,12371.618049142913
13970,-7314.829382030001,781.0,710,554510,39,553729,-2723.2041165673018,0.001,14176.063351952313
13991,-7312.916683060001,781.0,711,555291,39,554510,-2690.9185689420615,0.001,11188.482677777201
14012,-7307.764080080001,781.0,712,556072,39,555291,-2651.3687651923615,0.001,12346.798627943754
14033,-7322.32055684,781.0,713,556853,39,556072,-2614.41660175006,0.001,11677.564074878961
14054,-7329.98344407,781.0,714,557634,39,556853,-2572.476006384543,0.001,11699.172798264195
14075,-7336.4785003199995,781.0,715,558415,39,557634,-2536.9587658675778,0.001,12031.335066479085
14096,-7337.77851039,781.0,716,559196,39,558415,-2510.1921030354715,0.001,10867.30880084752
14117,-7336.341761480001,781.0,717,559977,39,559196,-2479.0870156575106,0.001,10875.16029766244
14137,-7298.587980120001,781.0,718,560758,39,559977,-2444.0803891620317,0.001,11239.247969193892
14158,-7327.11588906,781.0,719,561539,39,560758,-2423.719746568902,0.001,9791.481160260346
14179,-7301.3479482,781.0,720,562320,39,561539,-2396.3979348391485,0.001,9344.297234958936
14199,-7272.9977434,781.0,721,563101,39,562320,-2367.2452397267125,0.001,9620.245020555016
14221,-7261.24220035,781.0,722,563882,39,563101,-2342.36376953125,0.001,10281.298623137529
14241,-7254.29172175,781.0,723,564663,39,563882,-2314.697228112996,0.001,11589.90933266614
14262,-7269.052288899999,781.0,724,565444,39,564663,-2280.9682367107475,0.001,8651.33465474577
14283,-7251.742804269999,781.0,725,566225,39,565444,-2249.4396025478154,0.001,10623.2090970087
14306,-7270.902079079999,781.0,726,567006,39,566225,-2223.730880756842,0.001,7084.449003583491
14327,-7290.81264364,781.0,727,567787,39,567006,-2195.982975958557,0.001,8981.0109865235
14349,-7326.465058610001,781.0,728,568568,39,567787,-2170.6171443611956,0.001,7803.060973964793
14370,-7351.74268798,781.0,729,569349,39,568568,-2142.7049105713827,0.001,9268.632711510652
14392,-7342.64663768,781.0,730,570130,39,569349,-2129.388239705456,0.001,8431.994362727322
14412,-7310.383697900001,781.0,731,570911,39,570130,-2106.735654784531,0.001,7460.887356161003
14433,-7277.56723236,781.0,732,571692,39,570911,-2076.976044521747,0.001,8594.868422719488
14454,-7251.665408899999,781.0,733,572473,39,571692,-2043.1288162211908,0.001,7748.267364326116
14475,-7239.51265113,781.0,734,573254,39,572473,-2017.277578668924,0.001,6744.630377091763
14495,-7199.4921849600005,781.0,735,574035,39,573254,-1988.9784787381961,0.001,6305.758457940916
14516,-7166.640021640001,781.0,736,574816,39,574035,-1959.3093790012804,0.001,6511.525182941354
14537,-7130.058002270001,781.0,737,575597,39,574816,-1929.4152952382262,0.001,7296.708077287857
14558,-7142.95380706,781.0,738,576378,39,575597,-1916.1697036801777,0.001,7197.661066228693
14579,-7123.63852495,781.0,739,577159,39,576378,-1908.3154137448985,0.001,6781.092010927872
14600,-7093.431098949999,781.0,740,577940,39,577159,-1876.6459692101473,0.001,7496.0389392379
14621,-7131.870306589999,781.0,741,578721,39,577940,-1865.57783053077,0.001,6629.704434032172
14641,-7144.910756049999,781.0,742,579502,39,578721,-1840.6377579888065,0.001,6588.017496184717
14663,-7147.949953799998,781.0,743,580283,39,579502,-1816.3938338393286,0.001,5989.132370815692
14684,-7142.50020332,781.0,744,581064,39,580283,-1785.9593596513384,0.001,5983.8617600796315
14704,-7167.829062729999,781.0,745,581845,39,581064,-1766.646748522027,0.001,6172.127700414914
14725,-7176.394851950001,781.0,746,582626,39,581845,-1749.4048523652568,0.001,6678.286070351106
14746,-7119.948769410001,781.0,747,583407,39,582626,-1727.7508333916853,0.001,6450.9553883414565
14768,-7101.097923460002,781.0,748,584188,39,583407,-1695.6816482837007,0.001,5959.8010334010005
14793,-7116.087657480001,781.0,749,584969,39,584188,-1659.288632206056,0.001,5981.230965451913
14814,-7092.271473390001,781.0,750,585750,39,584969,-1625.3245486993337,0.001,5023.083181852568
14834,-7129.719462920001,781.0,751,586531,39,585750,-1597.4115693584447,0.001,5890.8983572008665
14855,-7136.625760520002,781.0,752,587312,39,586531,-1572.5930913517325,0.001,5161.667510830028
14876,-7172.67215131,781.0,753,588093,39,587312,-1546.3469091359234,0.001,4610.678874544542
14897,-7138.479124640001,781.0,754,588874,39,588093,-1519.8018322113076,0.001,5539.6327063527515
14919,-7114.67605849,781.0,755,589655,39,588874,-1492.2654741704846,0.001,4695.817951275658
14941,-7064.292815090001,781.0,756,590436,39,589655,-1466.552022741027,0.001,3661.9264686183956
14962,-7036.6678758200005,781.0,757,591217,39,590436,-1440.2859693226833,0.001,4036.8013550468963
14983,-7068.283623899999,781.0,758,591998,39,591217,-1417.838848587798,0.001,4227.836629108033
15003,-7095.76251051,781.0,759,592779,39,591998,-1397.3873895896686,0.001,4184.082225472307
15024,-7106.30954034,781.0,760,593560,39,592779,-1372.0785770196462,0.001,4403.856874238819
15045,-7133.43917827,781.0,761,594341,39,593560,-1339.941241353483,0.001,3836.1941489440683
15066,-7073.59859089,781.0,762,595122,39,594341,-1311.329891190181,0.001,3397.6413947775786
15087,-7062.996209410001,781.0,763,595903,39,595122,-1280.9721759400509,0.001,3097.958753852014
15108,-7074.61267912,781.0,764,596684,39,595903,-1256.239559315231,0.001,3997.7222481897334
15129,-7108.242795770001,781.0,765,597465,39,596684,-1231.3846138576844,0.001,2544.801453437756
15150,-7084.68126234,781.0,766,598246,39,597465,-1204.6766338665873,0.001,3151.0442060990767
15171,-7026.117971159999,781.0,767,599027,39,598246,-1183.2958960929998,0.001,2931.901434044832
15192,-7003.599379179998,781.0,768,599808,39,599027,-1156.830988025543,0.001,4013.5161914507953
15212,-7006.228188779999,781.0,769,600589,39,599808,-1145.8944784205946,0.001,2858.9697690565667
15233,-7029.158583549999,781.0,770,601370,39,600589,-1128.1729655833617,0.001,2959.4860799205744
15254,-6998.365356399999,781.0,771,602151,39,601370,-1113.459160759568,0.001,2523.7400673293578
15275,-7006.0013063999995,781.0,772,602932,39,602151,-1103.0022685384322,0.001,2443.245547178613
15296,-7014.687985649999,781.0,773,603713,39,602932,-1099.1656500392626,0.001,2471.153030004758
15318,-7020.528029199999,781.0,774,604494,39,603713,-1093.115419512369,0.001,3069.9513713919705
15339,-7014.961686459998,781.0,775,605275,39,604494,-1081.3371367118727,0.001,3658.5983411566704
15360,-7042.75065854,781.0,776,606056,39,605275,-1070.0510515708777,0.001,2909.8127597706266
15381,-7018.54917919,781.0,777,606837,39,606056,-1045.1502670698374,0.001,2565.993694407992
15401,-7009.775119589999,781.0,778,607618,39,606837,-1030.5154821417855,0.001,2213.4867517273497
15422,-6979.593469859999,781.0,779,608399,39,607618,-1011.6736545538322,0.001,2295.6907951267062
15443,-7001.269610339999,781.0,780,609180,39,608399,-998.1158581683638,0.001,2871.295478615657
15464,-6971.58532523,781.0,781,609961,39,609180,-979.7926898326215,0.001,1943.5750085437496
15485,-6941.01485999,781.0,782,610742,39,609961,-970.0736557573423,0.001,2293.5154813505164
15507,-6916.29732781,781.0,783,611523,39,610742,-948.4268992640145,0.001,2057.7834173732467
15528,-6916.73905304,781.0,784,612304,39,611523,-939.3978350415883,0.001,2331.0077095862084
15549,-6904.7660946800015,781.0,785,613085,39,612304,-921.4938095815661,0.001,2079.8797350796785
15570,-6917.752345400001,781.0,786,613866,39,613085,-904.0882337035351,0.001,2367.233642890725
15591,-6879.235589310002,781.0,787,614647,39,613866,-888.8646927172946,0.001,1850.6059899617096
15612,-6846.70921814,781.0,788,615428,39,614647,-876.0279810633152,0.001,2026.5207235749033
15632,-6818.532220579999,781.0,789,616209,39,615428,-872.06767618763,0.001,2198.340674904641
15653,-6822.379870559999,781.0,790,616990,39,616209,-866.3182687209908,0.001,1632.3799517896507
15675,-6869.01166416,781.0,791,617771,39,616990,-855.6124238662622,0.001,1875.0180416424662
15696,-6860.186985459999,781.0,792,618552,39,617771,-845.819979737266,0.001,1880.0099722438524
15716,-6866.2554439,781.0,793,619333,39,618552,-831.0059386972581,0.001,1727.8991455781475
15737,-6885.896700359998,781.0,794,620114,39,619333,-830.4714391417754,0.001,2004.232240742819
15758,-6873.893545509999,781.0,795,620895,39,620114,-821.1697246243798,0.001,1852.8037939230398
15779,-6862.175695949999,781.0,796,621676,39,620895,-824.117070509438,0.001,1840.042182346007
15799,-6827.8090102,781.0,797,622457,39,621676,-820.9499562516255,0.001,1882.8740202040435
15821,-6842.388139209998,781.0,798,623238,39,622457,-809.2319214804987,0.001,2274.1349859689476
15841,-6826.169849249999,781.0,799,624019,39,623238,-799.3344184982944,0.001,2219.133134546414
15863,-6832.8915622899995,781.0,800,624800,39,624019,-796.8364284383503,0.001,1843.668655581114
15884,-6841.465421619999,781.0,801,625581,39,624800,-794.0100547800296,0.001,1949.7691338181344
15905,-6863.469655899999,781.0,802,626362,39,625581,-792.4606398266195,0.001,1930.218963652353
15925,-6882.334730769999,781.0,803,627143,39,626362,-776.7013492755182,0.001,1745.7439628337318
15946,-6940.52063721,781.0,804,627924,39,627143,-761.3658744235655,0.001,1511.029780252337
15967,-6967.90803326,781.0,805,628705,39,627924,-745.3128185394327,0.001,1977.3188664513268
15987,-6971.8734552099995,781.0,806,629486,39,628705,-729.7051180596541,0.001,1900.3532766129692
16008,-6985.26834482,781.0,807,630267,39,629486,-710.3292437173645,0.001,1785.7387350182528
16029,-6988.904214029999,781.0,808,631048,39,630267,-702.8072601982634,0.001,1669.3521152061628
16051,-6975.25115165,781.0,809,631829,39,631048,-689.6311505619299,0.001,1653.910451705874
16072,-6954.49213822,781.0,810,632610,39,631829,-681.9874104244608,0.001,1115.5307580554684
16092,-6935.418491209999,781.0,811,633391,39,632610,-670.361953129689,0.001,1679.264007705122
16116,-6964.79357738,781.0,812,634172,39,633391,-661.7515487768586,0.001,1170.4537739869727
16137,-6937.317460539999,781.0,813,634953,39,634172,-651.5918983527854,0.001,1345.759658715789
16158,-6906.3760587199995,781.0,814,635734,39,634953,-647.2561381360786,0.001,1360.745635839797
16179,-6877.87128808,781.0,815,636515,39,635734,-640.1777936127061,0.001,1107.991058867353
16200,-6853.51960512,781.0,816,637296,39,636515,-633.4466792654899,0.001,1342.5113160625463
16222,-6824.130556710001,781.0,817,638077,39,637296,-624.1041904112441,0.001,1426.079055190239
16243,-6798.5695865200005,781.0,818,638858,39,638077,-616.6184717000065,0.001,1083.6848889203138
16264,-6734.12844926,781.0,819,639639,39,638858,-608.1455729505317,0.001,1199.4649287772088
16284,-6683.10955017,781.0,820,640420,39,639639,-607.4604968511799,0.001,1240.6212798056315
16305,-6662.233936520001,781.0,821,641201,39,640420,-600.5123847052932,0.001,899.9569856006266
16326,-6635.7046074,781.0,822,641982,39,641201,-593.5291976635648,0.001,1495.4586826280504
16347,-6605.00501194,781.0,823,642763,39,641982,-587.1986586488927,0.001,1135.070174448011
16368,-6568.89129765,781.0,824,643544,39,642763,-583.1751523768856,0.001,1262.0427300505694
16389,-6598.71503987,781.0,825,644325,39,643544,-584.4404330088753,0.001,1393.448338263166
16410,-6626.72934639,781.0,826,645106,39,644325,-578.6471544722436,0.001,1256.942036901027
16431,-6582.62511223,781.0,827,645887,39,645106,-574.5889226740056,0.001,1232.7220199330973
16452,-6520.90448948,781.0,828,646668,39,645887,-569.4455908703285,0.001,1094.7315672362813
16473,-6480.02581273,781.0,829,647449,39,646668,-558.6435598063255,0.001,1181.8688155014293
16494,-6483.205388429999,781.0,830,648230,39,647449,-556.2257099615628,0.001,905.2654588433143
16515,-6479.9513026800005,781.0,831,649011,39,648230,-559.6149026672911,0.001,1368.3289413061398
16536,-6499.189007260001,781.0,832,649792,39,649011,-554.5832253430473,0.001,1090.4883054765025
16557,-6493.85746999,781.0,833,650573,39,649792,-550.7038428859735,0.001,1427.0534227886517
16578,-6490.152873120001,781.0,834,651354,39,650573,-540.0453188770407,0.001,1124.382485891579
16600,-6488.11286147,781.0,835,652135,39,651354,-533.2394440439691,0.001,1183.826977269445
16620,-6500.37653004,781.0,836,652916,39,652135,-534.31352435123,0.001,1147.462057575221
16641,-6537.5673362,781.0,837,653697,39,652916,-529.0981412098747,0.001,1391.4662714236524
16662,-6533.590770299999,781.0,838,654478,39,653697,-520.1299137989781,0.001,1261.8176292976252
16682,-6489.538909789999,781.0,839,655259,39,654478,-511.62381985672914,0.001,1314.603721081371
16705,-6463.90907134,781.0,840,656040,39,655259,-501.84499281957727,0.001,1302.6762175419572
16726,-6405.12314883,781.0,841,656821,39,656040,-491.9159855372469,0.001,1230.9336414801173
16747,-6379.3136156400005,781.0,842,657602,39,656821,-486.0824792449209,0.001,1174.7886111641662
16770,-6379.26095698,781.0,843,658383,39,657602,-478.4222356232119,0.001,967.016247767645
16790,-6379.93377285,781.0,844,659164,39,658383,-472.51903038659873,0.001,1158.4192848547473
16812,-6329.55942117,781.0,845,659945,39,659164,-471.19316259327985,0.001,1066.0276589582886
16832,-6292.68260274,781.0,846,660726,39,659945,-463.7514381164473,0.001,1134.9564990875206
16853,-6318.8706461,781.0,847,661507,39,660726,-451.3739325490407,0.001,1046.7877722238304
16873,-6337.3425939300005,781.0,848,662288,39,661507,-442.3115462182273,0.001,1151.4635029010064
16894,-6305.520001450001,781.0,849,663069,39,662288,-431.54214000824015,0.001,911.0133557142583
16915,-6287.57454404,781.0,850,663850,39,663069,-420.60048867981504,0.001,831.2414547948313
16936,-6243.67270788,781.0,851,664631,39,663850,-411.86351347274876,0.001,913.9476530243584
16957,-6267.622535889998,781.0,852,665412,39,664631,-401.16202395704124,0.001,808.8901909597399
16978,-6217.429873919999,781.0,853,666193,39,665412,-386.31027975827266,0.001,833.7832535268708
16999,-6222.273629769999,781.0,854,666974,39,666193,-375.4565773547535,0.001,823.4429852464898
17020,-6203.988099189999,781.0,855,667755,39,666974,-360.7351125016255,0.001,565.6699074025954
17040,-6206.4106369,781.0,856,668536,39,667755,-350.1123114279382,0.001,629.6044970425693
17061,-6204.106790719999,781.0,857,669317,39,668536,-337.1383063869501,0.001,1045.0461740335031
17082,-6137.9894009399995,781.0,858,670098,39,669317,-335.70443223472137,0.001,725.5077583664663
17103,-6089.95920919,781.0,859,670879,39,670098,-325.3844221947898,0.001,629.1214970284632
17124,-6086.83034806,781.0,860,671660,39,670879,-313.5062901573816,0.001,805.4047048913075
17146,-6019.819720480001,781.0,861,672441,39,671660,-304.5084924636821,0.001,764.72437196016
17167,-6026.60470012,781.0,862,673222,39,672441,-303.4217156912087,0.001,645.6373160309737
17187,-6038.75761698,781.0,863,674003,39,673222,-296.911743378975,0.001,597.5739420452435
17208,-6009.818774600001,781.0,864,674784,39,674003,-301.90631296936897,0.001,649.6391798793583
17229,-5977.355241340002,781.0,865,675565,39,674784,-303.4841962513942,0.001,673.3629399835681
17250,-5957.538879780001,781.0,866,676346,39,675565,-302.73085334572687,0.001,739.5109167160053
17271,-5975.974402760001,781.0,867,677127,39,676346,-292.8039590637754,0.001,709.0595143277881
17292,-5952.4202446,781.0,868,677908,39,677127,-287.4351076524175,0.001,616.8407266497154
17315,-5937.5671947,781.0,869,678689,39,677908,-278.9998509679347,0.001,652.5960477665353
17336,-5909.61450276,781.0,870,679470,39,678689,-274.184741246105,0.001,631.5839228855968
17357,-5926.436449930001,781.0,871,680251,39,679470,-272.32604028992404,0.001,619.305166481399
17378,-5918.0562644599995,781.0,872,681032,39,680251,-265.8299199884588,0.001,917.837649151244
17399,-5918.24510918,781.0,873,681813,39,681032,-255.17904618149683,0.001,717.4010707742884
17419,-5912.288611530001,781.0,874,682594,39,681813,-245.4037621238015,0.001,435.8278617663512
17440,-5884.734121019999,781.0,875,683375,39,682594,-236.48393010177318,0.001,679.3693742691021
17461,-5863.8196786299995,781.0,876,684156,39,683375,-226.732114335181,0.001,504.3848399847326
17483,-5876.7416533,781.0,877,684937,39,684156,-217.05027932180485,0.001,375.9697766175801
17504,-5873.01540974,781.0,878,685718,39,684937,-216.89132489193418,0.001,627.5693250306895
17525,-5832.73042781,781.0,879,686499,39,685718,-221.0265444024119,0.001,550.473898688596
17546,-5766.56235611,781.0,880,687280,39,686499,-223.72525386834724,0.001,634.8326033862086
17567,-5753.6164460400005,781.0,881,688061,39,687280,-227.31557901262778,0.001,568.190656840267
17588,-5735.870390430001,781.0,882,688842,39,688061,-219.43770854329637,0.001,614.727438708121
17608,-5768.9893926,781.0,883,689623,39,688842,-213.27078254396875,0.001,584.2779288786475
17629,-5753.438245390001,781.0,884,690404,39,689623,-212.3285797890872,0.001,592.6952753592087
17650,-5757.29610746,781.0,885,691185,39,690404,-211.0628903153306,0.001,535.420585212268
17672,-5734.63791907,781.0,886,691966,39,691185,-215.96104131251687,0.001,805.2273348858354
17693,-5795.826954639999,781.0,887,692747,39,691966,-220.1608361746071,0.001,625.7005579871496
17714,-5793.041929839999,781.0,888,693528,39,692747,-217.92993615378796,0.001,656.9955708580652
17735,-5791.423820490001,781.0,889,694309,39,693528,-216.25072825061832,0.001,692.1045748360178
17756,-5765.795009180001,781.0,890,695090,39,694309,-210.23346126522205,0.001,721.8799873576733
17777,-5703.636717510001,781.0,891,695871,39,695090,-207.13774043436086,0.001,594.1766883762178
17798,-5699.288583290002,781.0,892,696652,39,695871,-202.33484876781665,0.001,596.4585610559442
17819,-5681.443623169999,781.0,893,697433,39,696652,-197.82042517765842,0.001,622.9993616658503
17840,-5682.4319666,781.0,894,698214,39,697433,-197.93708768544215,0.001,763.0145300109316
17862,-5666.6285649500005,781.0,895,698995,39,698214,-195.41610282087143,0.001,555.2623102039137
17883,-5656.73547061,781.0,896,699776,39,698995,-191.10796644379326,0.001,575.0284402092655
17906,-5685.42152305,781.0,897,700557,39,699776,-182.63148450179838,0.001,468.1873448868872
17927,-5660.23877056,781.0,898,701338,39,700557,-179.91721185984593,0.001,486.7912824193586
17949,-5649.131527099999,781.0,899,702119,39,701338,-174.05980461110838,0.001,582.3623977690439
17970,-5654.162204699999,781.0,900,702900,39,702119,-177.0748483630973,0.001,536.5864717481078
17991,-5623.826232150001,781.0,901,703681,39,702900,-174.71242911501213,0.001,454.35384547664626
18012,-5570.13742683,781.0,902,704462,39,703681,-170.24677526202916,0.001,529.6180602499832
18033,-5553.45195954,781.0,903,705243,39,704462,-162.0357640183384,0.001,459.1054636311745
18055,-5538.139114910001,781.0,904,706024,39,705243,-156.5782583532199,0.001,405.32101738376593
18076,-5501.73752038,781.0,905,706805,39,706024,-147.22207327414108,0.001,426.86113748293985
18096,-5512.41299005,781.0,906,707586,39,706805,-139.61764063572608,0.001,308.4364203674082
18118,-5496.03988305,781.0,907,708367,39,707586,-137.74086060994108,0.001,346.3938275091779
18139,-5478.822360779999,781.0,908,709148,39,708367,-132.95194029021965,0.001,370.41666099265046
18160,-5484.566936509999,781.0,909,709929,39,709148,-128.3076450237086,0.001,408.8787029671761
18180,-5492.632813679999,781.0,910,710710,39,709929,-126.60047418848347,0.001,355.0564475554052
18201,-5502.89083975,781.0,911,711491,39,710710,-125.99447804010174,0.001,333.0879072758361
18222,-5476.68666124,781.0,912,712272,39,711491,-128.76067926880646,0.001,432.8738103810407
18244,-5466.824320209999,781.0,913,713053,39,712272,-128.6068051236845,0.001,443.8641155892542
18265,-5485.230524299999,781.0,914,713834,39,713053,-130.08333578976718,0.001,332.22064689118486
18286,-5492.59402317,781.0,915,714615,39,713834,-130.6381321209799,0.001,440.91224273798866
18307,-5476.966671050001,781.0,916,715396,39,714615,-128.8533226628615,0.001,362.9095482380534
18328,-5536.854783700001,781.0,917,716177,39,715396,-130.3161504650238,0.001,432.44283328868363
18349,-5554.95401831,781.0,918,716958,39,716177,-132.75495935554846,0.001,393.2374513604119
18371,-5569.2816185,781.0,919,717739,39,716958,-134.84388413777273,0.001,336.53921841415035
18396,-5587.23771141,781.0,920,718520,39,717739,-137.9466878070416,0.001,451.87469432601245
18418,-5592.58026706,781.0,921,719301,39,718520,-138.25851159211769,0.001,577.9502838466904
18439,-5597.290598120001,781.0,922,720082,39,719301,-129.1182574822869,0.001,460.9954100497706
18460,-5616.256189420001,781.0,923,720863,39,720082,-129.2233357972891,0.001,534.3940296734798
18481,-5597.41157017,781.0,924,721644,39,720863,-132.87959545205862,0.001,403.02126147652405
18503,-5579.2388173399995,781.0,925,722425,39,721644,-134.61480430207394,0.001,381.98915756069283
18524,-5558.519307019999,781.0,926,723206,39,722425,-134.95781834726907,0.001,419.8453361716374
18546,-5545.415613079999,781.0,927,723987,39,723206,-135.32224659577832,0.001,477.8484624357138
18567,-5552.974942849998,781.0,928,724768,39,723987,-138.8556402990363,0.001,446.89265616755176
18588,-5585.69146493,781.0,929,725549,39,724768,-147.71800007313377,0.001,558.0349658668117
18610,-5557.5048583,781.0,930,726330,39,725549,-150.39493223891216,0.001,400.6933788148145
18631,-5516.612938339999,781.0,931,727111,39,726330,-154.7902104943113,0.001,531.6086614708894
18652,-5482.33105589,781.0,932,727892,39,727111,-157.36170787664747,0.001,546.6839416445293
18673,-5481.422130010001,781.0,933,728673,39,727892,-160.84451330089692,0.001,649.1144025365461
18695,-5510.92243862,781.0,934,729454,39,728673,-162.34409538884475,0.001,431.773334752277
18716,-5519.064995300001,781.0,935,730235,39,729454,-163.4754900504929,0.001,429.6739807812719
18737,-5529.805806099999,781.0,936,731016,39,730235,-162.11819130693598,0.001,440.3246003564891
18758,-5524.91640078,781.0,937,731797,39,731016,-159.23345275908213,0.001,694.2601546850461
18780,-5484.43185782,781.0,938,732578,39,731797,-163.57126829413536,0.001,532.7833571684346
18802,-5477.591336509999,781.0,939,733359,39,732578,-170.5220761048809,0.001,679.0255065019244
18823,-5517.354798749999,781.0,940,734140,39,733359,-175.96756766608675,0.001,500.67608519003426
18844,-5540.8604721500005,781.0,941,734921,38,734140,-178.74262883812762,0.001,612.7670756302173
18865,-5560.917629899999,781.0,942,735702,38,734921,-184.81710131189735,0.001,544.5208130078188
18887,-5556.104380770001,781.0,943,736483,38,735702,-186.66483869290076,0.001,713.3776163645804
18908,-5559.490866130001,781.0,944,737264,38,736483,-185.06058847522613,0.001,663.2553870656579
18929,-5589.83319464,781.0,945,738045,38,737264,-191.44898986327968,0.001,713.6650518497951
18951,-5585.743685770001,781.0,946,738826,38,738045,-194.52343240315417,0.001,584.8815639168596
18973,-5567.63864165,781.0,947,739607,38,738826,-191.2398834375047,0.001,694.5660721587158
18994,-5580.705837310001,781.0,948,740388,38,739607,-190.0314209922175,0.001,685.8803318722147
19015,-5599.23808636,781.0,949,741169,38,740388,-185.53836470346292,0.001,730.8760510687639
19036,-5620.83324487,781.0,950,741950,38,741169,-180.2609553074562,0.001,595.3340475690502
19057,-5636.9114029699995,781.0,951,742731,38,741950,-171.03894220760017,0.001,511.36003019989835
19079,-5631.890640910001,781.0,952,743512,38,742731,-165.9187603607373,0.001,683.7473388456963
19101,-5684.13803852,781.0,953,744293,38,743512,-159.5399513427793,0.001,443.77936639920085
19123,-5695.537855500002,781.0,954,745074,38,744293,-157.815229564867,0.001,412.20012054247985
19145,-5692.65221875,781.0,955,745855,38,745074,-156.40540059733178,0.001,497.09030236355323
19167,-5711.076050969999,781.0,956,746636,38,745855,-155.50469276389148,0.001,509.3199656702645
19189,-5748.134782629999,781.0,957,747417,38,746636,-153.3226507610609,0.001,534.4338984373437
19210,-5785.148914119998,781.0,958,748198,38,747417,-146.94457139248428,0.001,437.43233741047135
19231,-5795.323237969998,781.0,959,748979,38,748198,-144.9093796916869,0.001,513.7545766207686
19252,-5796.138369949999,781.0,960,749760,38,748979,-131.27762670980982,0.001,433.6528531854803
19273,-5822.035442309999,781.0,961,750541,38,749760,-124.44660419843872,0.001,484.4085921264336
19295,-5842.219593729998,781.0,962,751322,38,750541,-119.61987636702925,0.001,444.721535549579
19316,-5831.37797625,781.0,963,752103,38,751322,-113.0617078323294,0.001,482.6040732399602
19338,-5813.067541920001,781.0,964,752884,38,752103,-110.61291528228914,0.001,363.06184179621073
19359,-5799.867314450002,781.0,965,753665,38,752884,-106.21155184392893,0.001,372.672461398585
19381,-5802.253270460002,781.0,966,754446,38,753665,-105.16083495771076,0.001,331.42884276679473
19402,-5782.538615580001,781.0,967,755227,38,754446,-101.17105395738966,0.001,308.67606497848845
19423,-5781.998828649999,781.0,968,756008,38,755227,-94.10697542109959,0.001,314.1142677424354
19444,-5771.918977560001,781.0,969,756789,38,756008,-93.90405071880693,0.001,418.73723700959306
19466,-5762.247210930001,781.0,970,757570,38,756789,-81.83877743832127,0.001,309.86113397595824
19487,-5742.15659765,781.0,971,758351,38,757570,-76.48346618708895,0.001,357.84483497121425
19509,-5732.37380364,781.0,972,759132,38,758351,-70.0561111193155,0.001,350.02848086680706
19531,-5723.9813601099995,781.0,973,759913,38,759132,-62.43386388438421,0.001,357.1216820534915
19552,-5707.426031529999,781.0,974,760694,38,759913,-60.71475438456911,0.001,342.36320490721096
19573,-5712.887486219999,781.0,975,761475,38,760694,-56.63837578530195,0.001,337.94356010817995
19595,-5726.17346939,781.0,976,762256,38,761475,-51.028665902710756,0.001,318.26302627289954
19616,-5694.927318379999,781.0,977,763037,38,762256,-45.5250131236759,0.001,291.7770630644775
19637,-5690.799251539999,781.0,978,763818,38,763037,-46.78526431075017,0.001,307.34877879671495
19658,-5714.375660539999,781.0,979,764599,38,763818,-40.92735863222279,0.001,424.9501638131624
19679,-5692.363941749999,781.0,980,765380,38,764599,-37.08197260055591,0.001,392.53265454613444
19703,-5673.29836048,781.0,981,766161,38,765380,-35.09279008470142,0.001,273.7491888273388
19726,-5651.872142680001,781.0,982,766942,38,766161,-32.04018710412219,0.001,352.0035415336814
19748,-5632.77887618,781.0,983,767723,38,766942,-30.153470939063443,0.001,439.25304566699623
19769,-5641.296606600001,781.0,984,768504,38,767723,-28.984895604787805,0.001,311.93506950544486
19791,-5637.91049596,781.0,985,769285,38,768504,-27.904780932996665,0.001,260.04423720766425
19812,-5665.3559606399995,781.0,986,770066,38,769285,-27.402694327892704,0.001,292.3315871283889
19834,-5647.535052169999,781.0,987,770847,38,770066,-23.305185581129354,0.001,283.7700191307312
19855,-5653.86276322,781.0,988,771628,38,770847,-24.19331340349152,0.001,329.9938591823993
19877,-5669.33500254,781.0,989,772409,38,771628,-25.551477356955157,0.001,261.6874445672224
19899,-5642.568661270001,781.0,990,773190,38,772409,-23.444739777485097,0.001,309.62547894232404
19920,-5643.119558430002,781.0,991,773971,38,773190,-25.86418372596806,0.001,330.70099887041977
19942,-5637.621486100002,781.0,992,774752,38,773971,-24.39510435185535,0.001,276.5569153564688
19963,-5643.69437259,781.0,993,775533,38,774752,-25.515170846625725,0.001,249.35937872189413
19985,-5632.896609270001,781.0,994,776314,38,775533,-25.745466872629986,0.001,330.90393527491295
20006,-5640.27612061,781.0,995,777095,38,776314,-25.47798835411763,0.001,286.4680312153014
20027,-5627.03941801,781.0,996,777876,38,777095,-22.503311755996624,0.001,270.45709753097555
20049,-5612.873812739999,781.0,997,778657,38,777876,-24.33835773372238,0.001,281.9948882763578
20072,-5618.693375660001,781.0,998,779438,38,778657,-24.393854335007685,0.001,263.58659548887675
20093,-5621.371418909998,781.0,999,780219,38,779438,-18.263102283751383,0.001,306.78380189082384
20114,-5598.368879010001,781.0,1000,781000,38,780219,-11.960251302955609,0.001,318.5851930967519
